1580209530.7589025,"BREW_STATUS",
1580209547.5256584,"GRIND_STATUS",
1580209569.7490785,"COFFEE_POURED",1756
1580209589.906816,"COFFEE_STATUS",1760
1580209650.8278587,"BREW_STATUS",
1580209667.620858,"GRIND_STATUS",
1580209698.2561915,"COFFEE_REMOVED",25
1580209709.9522026,"COFFEE_STATUS",14
1580209734.4890916,"COFFEE_GRINDING",
1580209735.4910638,"COFFEE_GRINDING",
1580209736.4928136,"COFFEE_GRINDING",
1580209737.4972196,"COFFEE_GRINDING",
1580209738.4972956,"COFFEE_GRINDING",
1580209739.5009568,"COFFEE_GRINDING",
1580209740.5012069,"COFFEE_GRINDING",
1580209741.5039423,"COFFEE_GRINDING",
1580209742.5482583,"COFFEE_GRINDING",
1580209749.4725285,"GRIND_STATUS",
1580209770.74683,"BREW_STATUS",
1580209787.556708,"GRIND_STATUS",
1580209790.1852086,"COFFEE_EMPTY",1625
1580209790.1852086,"COFFEE_REPLACED",1625
1580209796.5469024,"COFFEE_REMOVED",22
1580209802.7226694,"COFFEE_BREWING",
1580209830.0457594,"COFFEE_STATUS",14
1580209890.7564113,"COFFEE_BREWING",
1580209907.7449567,"GRIND_STATUS",
1580209950.1333325,"COFFEE_STATUS",13
1580210010.7889738,"COFFEE_BREWING",
1580210027.5868337,"GRIND_STATUS",
1580210070.1399612,"COFFEE_STATUS",11
1580210074.727769,"COFFEE_BREWING",
1580210079.7476437,"BREW_STATUS",
1580210130.815646,"BREW_STATUS",
1580210147.5697756,"GRIND_STATUS",
1580210190.2147772,"COFFEE_STATUS",10
1580210250.7777014,"BREW_STATUS",
1580210267.5585015,"GRIND_STATUS",
1580210310.2777808,"COFFEE_STATUS",10
1580210370.54768,"BREW_STATUS",
1580210387.3382747,"GRIND_STATUS",
1580210430.3029861,"COFFEE_STATUS",11
1580210490.5459774,"BREW_STATUS",
1580210507.3178487,"GRIND_STATUS",
1580210550.3530698,"COFFEE_STATUS",10
1580210610.5674305,"BREW_STATUS",
1580210627.5971355,"GRIND_STATUS",
1580210670.4929264,"COFFEE_STATUS",10
1580210686.8208458,"COFFEE_NEW",3212
1580210686.8208458,"COFFEE_REPLACED",3212
1580210730.577904,"BREW_STATUS",
1580210747.3438883,"GRIND_STATUS",
1580210790.5527372,"COFFEE_STATUS",3220
1580210850.5901616,"BREW_STATUS",
1580210867.3670726,"GRIND_STATUS",
1580210910.581418,"COFFEE_STATUS",3220
1580210970.5759428,"BREW_STATUS",
1580210987.3845549,"GRIND_STATUS",
1580211030.6363978,"COFFEE_STATUS",3215
1580211090.587026,"BREW_STATUS",
1580211107.3476462,"GRIND_STATUS",
1580211150.6709416,"COFFEE_STATUS",3220
1580211210.607175,"BREW_STATUS",
1580211227.3872993,"GRIND_STATUS",
1580211270.6765134,"COFFEE_STATUS",3216
1580211331.470273,"BREW_STATUS",
1580211348.2399726,"GRIND_STATUS",
1580211390.730543,"COFFEE_STATUS",3219
1580211451.497208,"BREW_STATUS",
1580211468.280189,"GRIND_STATUS",
1580211510.7599757,"COFFEE_STATUS",3218
1580211571.4598835,"BREW_STATUS",
1580211588.2020388,"GRIND_STATUS",
1580211630.796782,"COFFEE_STATUS",3214
1580211691.462641,"BREW_STATUS",
1580211708.1956956,"GRIND_STATUS",
1580211750.8821971,"COFFEE_STATUS",3217
1580211811.4555821,"BREW_STATUS",
1580211828.21787,"GRIND_STATUS",
1580211870.9430132,"COFFEE_STATUS",3214
1580211931.465878,"BREW_STATUS",
1580211948.224428,"GRIND_STATUS",
1580211991.043433,"COFFEE_STATUS",3218
1580212051.4572966,"BREW_STATUS",
1580212068.2143981,"GRIND_STATUS",
1580212111.0957625,"COFFEE_STATUS",3214
1580212171.4954515,"BREW_STATUS",
1580212188.2257075,"GRIND_STATUS",
1580212231.1713262,"COFFEE_STATUS",3213
1580212291.4654055,"BREW_STATUS",
1580212308.2356954,"GRIND_STATUS",
1580212351.1861243,"COFFEE_STATUS",3213
1580212411.5061386,"BREW_STATUS",
1580212428.2759287,"GRIND_STATUS",
1580212471.2590342,"COFFEE_STATUS",3213
1580212531.5062008,"BREW_STATUS",
1580212548.2456353,"GRIND_STATUS",
1580212591.3519726,"COFFEE_STATUS",3213
1580212651.2364075,"BREW_STATUS",
1580212668.239795,"GRIND_STATUS",
1580212711.4167206,"COFFEE_STATUS",3217
1580212771.2341337,"BREW_STATUS",
1580212788.1861594,"GRIND_STATUS",
1580212831.5086865,"COFFEE_STATUS",3216
1580212890.9491007,"BREW_STATUS",
1580212907.8857074,"GRIND_STATUS",
1580212951.5246527,"COFFEE_STATUS",3214
1580213010.9730322,"BREW_STATUS",
1580213027.7304294,"GRIND_STATUS",
1580213071.6212044,"COFFEE_STATUS",3214
1580213130.980609,"BREW_STATUS",
1580213147.759057,"GRIND_STATUS",
1580213191.6852913,"COFFEE_STATUS",3213
1580213250.9805336,"BREW_STATUS",
1580213267.769297,"GRIND_STATUS",
1580213311.7690785,"COFFEE_STATUS",3216
1580213370.9791634,"BREW_STATUS",
1580213387.781227,"GRIND_STATUS",
1580213431.86681,"COFFEE_STATUS",3214
1580213491.0303876,"BREW_STATUS",
1580213507.7503674,"GRIND_STATUS",
1580213551.9348729,"COFFEE_STATUS",3218
1580213611.0108247,"BREW_STATUS",
1580213627.7705245,"GRIND_STATUS",
1580213671.9653668,"COFFEE_STATUS",3218
1580213731.0504458,"BREW_STATUS",
1580213748.1152833,"GRIND_STATUS",
1580213792.039097,"COFFEE_STATUS",3215
1580213851.0403614,"BREW_STATUS",
1580213867.7700617,"GRIND_STATUS",
1580213912.112428,"COFFEE_STATUS",3211
1580213970.6795042,"BREW_STATUS",
1580213987.418172,"GRIND_STATUS",
1580214032.2119865,"COFFEE_STATUS",3211
1580214090.6778953,"BREW_STATUS",
1580214107.4479446,"GRIND_STATUS",
1580214152.2532785,"COFFEE_STATUS",3214
1580214210.688433,"BREW_STATUS",
1580214227.4078815,"GRIND_STATUS",
1580214272.31982,"COFFEE_STATUS",3217
1580214330.6880856,"BREW_STATUS",
1580214347.421993,"GRIND_STATUS",
1580214392.3697968,"COFFEE_STATUS",3213
1580214450.6879787,"BREW_STATUS",
1580214467.4580452,"GRIND_STATUS",
1580214512.4592574,"COFFEE_STATUS",3216
1580214570.6988728,"BREW_STATUS",
1580214587.4384563,"GRIND_STATUS",
1580214632.5211973,"COFFEE_STATUS",3211
1580214690.7113566,"BREW_STATUS",
1580214707.5148473,"GRIND_STATUS",
1580214752.533545,"COFFEE_STATUS",3211
1580214810.7279406,"BREW_STATUS",
1580214827.4785523,"GRIND_STATUS",
1580214872.5429437,"COFFEE_STATUS",3211
1580214930.9735417,"BREW_STATUS",
1580214947.5079854,"GRIND_STATUS",
1580214992.643126,"COFFEE_STATUS",3211
1580215050.7790296,"BREW_STATUS",
1580215067.4929943,"GRIND_STATUS",
1580215095.438618,"COFFEE_REMOVED",29
1580215098.8845987,"COFFEE_NEW",3216
1580215098.8845987,"COFFEE_REPLACED",3216
1580215112.7331555,"COFFEE_STATUS",3225
1580215171.4637296,"BREW_STATUS",
1580215188.235907,"GRIND_STATUS",
1580215232.7693667,"COFFEE_STATUS",3228
1580215291.4639585,"BREW_STATUS",
1580215308.4582136,"GRIND_STATUS",
1580215352.849085,"COFFEE_STATUS",3227
1580215411.47365,"BREW_STATUS",
1580215428.2241442,"GRIND_STATUS",
1580215472.9400697,"COFFEE_STATUS",3227
1580215531.4833875,"BREW_STATUS",
1580215548.248058,"GRIND_STATUS",
1580215593.0033722,"COFFEE_STATUS",3226
1580215651.8213568,"BREW_STATUS",
1580215668.5740013,"GRIND_STATUS",
1580215713.0073,"COFFEE_STATUS",3226
1580215771.8115067,"BREW_STATUS",
1580215788.5832615,"GRIND_STATUS",
1580215833.097005,"COFFEE_STATUS",3227
1580215891.838275,"BREW_STATUS",
1580215908.5812383,"GRIND_STATUS",
1580215953.1036353,"COFFEE_STATUS",3226
1580216011.8538888,"BREW_STATUS",
1580216028.6134999,"GRIND_STATUS",
1580216073.1448302,"COFFEE_STATUS",7835
1580216078.7242157,"COFFEE_POURED",2968
1580216131.8445964,"BREW_STATUS",
1580216148.6062317,"GRIND_STATUS",
1580216193.1951766,"COFFEE_STATUS",2970
1580216251.258133,"BREW_STATUS",
1580216268.2950547,"GRIND_STATUS",
1580216313.2330992,"COFFEE_STATUS",2971
1580216371.379376,"BREW_STATUS",
1580216388.0371196,"GRIND_STATUS",
1580216433.297436,"COFFEE_STATUS",2971
1580216490.955492,"BREW_STATUS",
1580216507.7137282,"GRIND_STATUS",
1580216553.3414302,"COFFEE_STATUS",2972
1580216610.990808,"BREW_STATUS",
1580216627.72147,"GRIND_STATUS",
1580216669.2228622,"COFFEE_POURED",2743
1580216673.3935325,"COFFEE_STATUS",2741
1580216689.3158932,"COFFEE_POURED",2503
1580216731.0514994,"BREW_STATUS",
1580216747.7307343,"GRIND_STATUS",
1580216793.4706903,"COFFEE_STATUS",2505
1580216851.0308821,"BREW_STATUS",
1580216867.7708485,"GRIND_STATUS",
1580216913.5590749,"COFFEE_STATUS",2507
1580216971.0521462,"BREW_STATUS",
1580216987.7856743,"GRIND_STATUS",
1580217033.6147518,"COFFEE_STATUS",2506
1580217091.0309846,"BREW_STATUS",
1580217107.791138,"GRIND_STATUS",
1580217153.6345081,"COFFEE_STATUS",2507
1580217211.0106304,"BREW_STATUS",
1580217227.8473413,"GRIND_STATUS",
1580217273.655471,"COFFEE_STATUS",2508
1580217331.5665398,"BREW_STATUS",
1580217348.3104043,"GRIND_STATUS",
1580217393.75029,"COFFEE_STATUS",2507
1580217451.5569274,"BREW_STATUS",
1580217468.3458002,"GRIND_STATUS",
1580217513.8047166,"COFFEE_STATUS",2510
1580217570.6551325,"BREW_STATUS",
1580217587.4345,"GRIND_STATUS",
1580217633.8469274,"COFFEE_STATUS",2509
1580217690.6754372,"BREW_STATUS",
1580217707.4371333,"GRIND_STATUS",
1580217753.8827734,"COFFEE_STATUS",2507
1580217810.686278,"BREW_STATUS",
1580217827.4465718,"GRIND_STATUS",
1580217873.9474053,"COFFEE_STATUS",2506
1580217930.6943688,"BREW_STATUS",
1580217947.4616494,"GRIND_STATUS",
1580217993.9873753,"COFFEE_STATUS",2505
1580218050.964438,"BREW_STATUS",
1580218067.5331826,"GRIND_STATUS",
1580218114.0455518,"COFFEE_STATUS",2507
1580218170.7168624,"BREW_STATUS",
1580218187.4825823,"GRIND_STATUS",
1580218234.106095,"COFFEE_STATUS",2505
1580218290.7412543,"BREW_STATUS",
1580218307.4771807,"GRIND_STATUS",
1580218354.2009969,"COFFEE_STATUS",2508
1580218410.7479837,"BREW_STATUS",
1580218415.6770928,"COFFEE_POURED",2424
1580218427.4840453,"GRIND_STATUS",
1580218442.7501328,"COFFEE_POURED",2171
1580218474.2975123,"COFFEE_STATUS",11618
1580218486.738233,"COFFEE_POURED",1940
1580218530.7464159,"BREW_STATUS",
1580218547.4671977,"GRIND_STATUS",
1580218594.3131006,"COFFEE_STATUS",1941
1580218650.7622252,"BREW_STATUS",
1580218667.4862323,"GRIND_STATUS",
1580218714.3497949,"COFFEE_STATUS",1942
1580218771.495626,"BREW_STATUS",
1580218788.2157269,"GRIND_STATUS",
1580218834.3650022,"COFFEE_STATUS",1939
1580218884.272683,"COFFEE_POURED",1860
1580218891.4737222,"BREW_STATUS",
1580218908.2942336,"GRIND_STATUS",
1580218954.408339,"COFFEE_STATUS",1862
1580219011.5059078,"BREW_STATUS",
1580219028.370456,"GRIND_STATUS",
1580219074.5045462,"COFFEE_STATUS",1866
1580219131.4703195,"BREW_STATUS",
1580219148.2155964,"GRIND_STATUS",
1580219194.521257,"COFFEE_STATUS",1860
1580219251.4837341,"BREW_STATUS",
1580219268.2235956,"GRIND_STATUS",
1580219314.5347178,"COFFEE_STATUS",1862
1580219371.5358968,"BREW_STATUS",
1580219388.5223787,"GRIND_STATUS",
1580219434.6266263,"COFFEE_STATUS",1862
1580219491.4875374,"BREW_STATUS",
1580219508.2591834,"GRIND_STATUS",
1580219554.6819496,"COFFEE_STATUS",1860
1580219611.535373,"BREW_STATUS",
1580219628.254476,"GRIND_STATUS",
1580219674.7024782,"COFFEE_STATUS",1860
1580219731.5854762,"BREW_STATUS",
1580219748.2751162,"GRIND_STATUS",
1580219794.7127192,"COFFEE_STATUS",1861
1580219851.3365133,"BREW_STATUS",
1580219868.0795417,"GRIND_STATUS",
1580219914.7536106,"COFFEE_STATUS",1865
1580219971.336964,"BREW_STATUS",
1580219988.0751143,"GRIND_STATUS",
1580220004.1629467,"COFFEE_REMOVED",33
1580220034.8539436,"COFFEE_STATUS",16
1580220091.1668296,"BREW_STATUS",
1580220107.8870723,"GRIND_STATUS",
1580220154.9408798,"COFFEE_STATUS",17
1580220201.9820642,"COFFEE_GRINDING",
1580220202.8451655,"COFFEE_GRINDING",
1580220203.8452594,"COFFEE_GRINDING",
1580220204.8691661,"COFFEE_GRINDING",
1580220205.8579674,"COFFEE_GRINDING",
1580220206.856601,"COFFEE_GRINDING",
1580220207.8608499,"COFFEE_GRINDING",
1580220208.8674638,"COFFEE_GRINDING",
1580220211.1770294,"BREW_STATUS",
1580220215.8385653,"GRIND_STATUS",
1580220228.1623795,"GRIND_STATUS",
1580220228.1628516,"COFFEE_BREWING",
1580220275.1645083,"COFFEE_STATUS",15
1580220331.165897,"COFFEE_BREWING",
1580220347.885774,"GRIND_STATUS",
1580220395.334488,"COFFEE_STATUS",16
1580220451.1868594,"COFFEE_BREWING",
1580220467.8969147,"GRIND_STATUS",
1580220515.4119568,"COFFEE_STATUS",17
1580220533.1412046,"COFFEE_BREWING",
1580220538.1958323,"BREW_STATUS",
1580220571.1972802,"BREW_STATUS",
1580220587.9262908,"GRIND_STATUS",
1580220635.68326,"COFFEE_STATUS",17
1580220691.206487,"BREW_STATUS",
1580220707.9603267,"GRIND_STATUS",
1580220755.7214298,"COFFEE_STATUS",18
1580220811.1969254,"BREW_STATUS",
1580220827.9286005,"GRIND_STATUS",
1580220875.7611,"COFFEE_STATUS",18
1580220931.2157526,"BREW_STATUS",
1580220947.9274635,"GRIND_STATUS",
1580220995.802623,"COFFEE_STATUS",23
1580221051.1975727,"BREW_STATUS",
1580221067.9716003,"GRIND_STATUS",
1580221115.834824,"COFFEE_STATUS",23
1580221151.6254137,"COFFEE_NEW",3240
1580221169.0551357,"BREW_STATUS",
1580221185.8614655,"GRIND_STATUS",
1580221235.9174352,"COFFEE_STATUS",3247
1580221289.0638382,"BREW_STATUS",
1580221305.835046,"GRIND_STATUS",
1580221355.977553,"COFFEE_STATUS",3248
1580221409.0774338,"BREW_STATUS",
1580221425.8163745,"GRIND_STATUS",
1580221476.050184,"COFFEE_STATUS",3249
1580221529.0849168,"BREW_STATUS",
1580221545.863271,"GRIND_STATUS",
1580221596.0882776,"COFFEE_STATUS",3248
1580221636.4653056,"COFFEE_REMOVED",96
1580221649.1721845,"BREW_STATUS",
1580221666.0910294,"GRIND_STATUS",
1580221675.2875223,"COFFEE_NEW",3239
1580221675.2875223,"COFFEE_REPLACED",3239
1580221716.1426966,"COFFEE_STATUS",3241
1580221769.3408196,"BREW_STATUS",
1580221786.0896096,"GRIND_STATUS",
1580221836.2401237,"COFFEE_STATUS",3241
1580221889.3707793,"BREW_STATUS",
1580221906.1031332,"GRIND_STATUS",
1580221956.2712042,"COFFEE_STATUS",3240
1580222009.3715549,"BREW_STATUS",
1580222026.0956469,"GRIND_STATUS",
1580222076.3538704,"COFFEE_STATUS",3241
1580222129.3614466,"BREW_STATUS",
1580222146.0912054,"GRIND_STATUS",
1580222196.436328,"COFFEE_STATUS",3240
1580222249.4022799,"BREW_STATUS",
1580222266.122794,"GRIND_STATUS",
1580222312.4657636,"COFFEE_POURED",3028
1580222316.5013218,"COFFEE_STATUS",3029
1580222370.8296914,"BREW_STATUS",
1580222387.5492868,"GRIND_STATUS",
1580222436.5157397,"COFFEE_STATUS",3097
1580222446.3886657,"COFFEE_POURED",2834
1580222490.8490312,"BREW_STATUS",
1580222507.549314,"GRIND_STATUS",
1580222556.5317452,"COFFEE_STATUS",2831
1580222610.8179615,"BREW_STATUS",
1580222627.5594862,"GRIND_STATUS",
1580222676.5919275,"COFFEE_STATUS",2830
1580222699.9754825,"COFFEE_POURED",2566
1580222730.8910482,"BREW_STATUS",
1580222747.6080463,"GRIND_STATUS",
1580222796.6457028,"COFFEE_STATUS",2568
1580222853.1331334,"BREW_STATUS",
1580222869.8530533,"GRIND_STATUS",
1580222916.734874,"COFFEE_STATUS",2566
1580222973.1424184,"BREW_STATUS",
1580222989.8623786,"GRIND_STATUS",
1580222999.8141048,"COFFEE_POURED",2397
1580223036.7942703,"COFFEE_STATUS",2393
1580223093.1531057,"BREW_STATUS",
1580223109.862514,"GRIND_STATUS",
1580223156.8350492,"COFFEE_STATUS",2392
1580223213.112363,"BREW_STATUS",
1580223229.8623762,"GRIND_STATUS",
1580223276.9326713,"COFFEE_STATUS",2392
1580223333.1327083,"BREW_STATUS",
1580223349.8824697,"GRIND_STATUS",
1580223397.0025802,"COFFEE_STATUS",2393
1580223451.343337,"BREW_STATUS",
1580223468.1127243,"GRIND_STATUS",
1580223517.0396914,"COFFEE_STATUS",2392
1580223571.548618,"BREW_STATUS",
1580223588.072011,"GRIND_STATUS",
1580223637.1287751,"COFFEE_STATUS",2392
1580223691.053101,"BREW_STATUS",
1580223707.801288,"GRIND_STATUS",
1580223757.1547241,"COFFEE_STATUS",2392
1580223811.0929408,"BREW_STATUS",
1580223827.7922556,"GRIND_STATUS",
1580223877.194869,"COFFEE_STATUS",2391
1580223931.3142273,"BREW_STATUS",
1580223947.8012872,"GRIND_STATUS",
1580223997.2500522,"COFFEE_STATUS",2392
1580224051.086895,"BREW_STATUS",
1580224066.2979474,"GRIND_STATUS",
1580224117.333118,"COFFEE_STATUS",2392
1580224169.579329,"BREW_STATUS",
1580224186.30728,"GRIND_STATUS",
1580224237.4232323,"COFFEE_STATUS",2391
1580224289.6005542,"BREW_STATUS",
1580224306.3384838,"GRIND_STATUS",
1580224357.4954185,"COFFEE_STATUS",2391
1580224409.589608,"BREW_STATUS",
1580224426.3095727,"GRIND_STATUS",
1580224477.5483043,"COFFEE_STATUS",2391
1580224529.6084793,"BREW_STATUS",
1580224546.338813,"GRIND_STATUS",
1580224597.5807047,"COFFEE_STATUS",2390
1580224649.9266512,"BREW_STATUS",
1580224666.33736,"GRIND_STATUS",
1580224717.585486,"COFFEE_STATUS",2391
1580224770.7943692,"BREW_STATUS",
1580224787.5678241,"GRIND_STATUS",
1580224837.587908,"COFFEE_STATUS",2391
1580224890.814435,"BREW_STATUS",
1580224907.5350995,"GRIND_STATUS",
1580224957.5944662,"COFFEE_STATUS",2390
1580225010.8168945,"BREW_STATUS",
1580225027.5539453,"GRIND_STATUS",
1580225077.661045,"COFFEE_STATUS",2391
1580225130.8230197,"BREW_STATUS",
1580225147.5541892,"GRIND_STATUS",
1580225197.6827877,"COFFEE_STATUS",2389
1580225252.8970895,"BREW_STATUS",
1580225269.60276,"GRIND_STATUS",
1580225317.7717621,"COFFEE_STATUS",2390
1580225372.864119,"BREW_STATUS",
1580225389.6142342,"GRIND_STATUS",
1580225437.7882557,"COFFEE_STATUS",2390
1580225492.9352825,"BREW_STATUS",
1580225509.5945575,"GRIND_STATUS",
1580225557.8875065,"COFFEE_STATUS",2390
1580225612.8830595,"BREW_STATUS",
1580225629.6227436,"GRIND_STATUS",
1580225677.9820135,"COFFEE_STATUS",2390
1580225732.8745768,"BREW_STATUS",
1580225749.622668,"GRIND_STATUS",
1580225798.0709076,"COFFEE_STATUS",2389
1580225852.9040444,"BREW_STATUS",
1580225869.6299949,"GRIND_STATUS",
1580225918.1397696,"COFFEE_STATUS",2388
1580225971.1160586,"BREW_STATUS",
1580225987.9652312,"GRIND_STATUS",
1580226038.1546335,"COFFEE_STATUS",2387
1580226091.126901,"BREW_STATUS",
1580226107.8104696,"GRIND_STATUS",
1580226158.4992304,"COFFEE_STATUS",2388
1580226211.0668535,"BREW_STATUS",
1580226227.847717,"GRIND_STATUS",
1580226278.521291,"COFFEE_STATUS",2388
1580226331.1430306,"BREW_STATUS",
1580226347.8447797,"GRIND_STATUS",
1580226398.5323708,"COFFEE_STATUS",2388
1580226449.9161398,"BREW_STATUS",
1580226466.6321814,"GRIND_STATUS",
1580226518.5404327,"COFFEE_STATUS",2388
1580226569.902436,"BREW_STATUS",
1580226586.602313,"GRIND_STATUS",
1580226638.548559,"COFFEE_STATUS",2387
1580226689.9029386,"BREW_STATUS",
1580226706.6211045,"GRIND_STATUS",
1580226758.6463964,"COFFEE_STATUS",2387
1580226809.9314735,"BREW_STATUS",
1580226826.621367,"GRIND_STATUS",
1580226878.731235,"COFFEE_STATUS",2387
1580226931.6404474,"BREW_STATUS",
1580226948.3835654,"GRIND_STATUS",
1580226998.7331045,"COFFEE_STATUS",2388
1580227050.902823,"BREW_STATUS",
1580227067.644307,"GRIND_STATUS",
1580227118.8248458,"COFFEE_STATUS",2387
1580227170.915076,"BREW_STATUS",
1580227187.625311,"GRIND_STATUS",
1580227238.9063656,"COFFEE_STATUS",2387
1580227290.7771084,"BREW_STATUS",
1580227304.887284,"COFFEE_POURED",2185
1580227307.376777,"GRIND_STATUS",
1580227358.9577532,"COFFEE_STATUS",2182
1580227410.6865044,"BREW_STATUS",
1580227427.42684,"GRIND_STATUS",
1580227479.012412,"COFFEE_STATUS",2183
1580227530.6665702,"BREW_STATUS",
1580227547.4471376,"GRIND_STATUS",
1580227599.0799284,"COFFEE_STATUS",2184
1580227650.715429,"BREW_STATUS",
1580227667.3957968,"GRIND_STATUS",
1580227719.1385248,"COFFEE_STATUS",2183
1580227770.708206,"BREW_STATUS",
1580227787.4056675,"GRIND_STATUS",
1580227839.1537158,"COFFEE_STATUS",2182
1580227890.7069068,"BREW_STATUS",
1580227907.430941,"GRIND_STATUS",
1580227959.161573,"COFFEE_STATUS",2182
1580228010.6876016,"BREW_STATUS",
1580228027.4367452,"GRIND_STATUS",
1580228079.1962805,"COFFEE_STATUS",2182
1580228130.7274008,"BREW_STATUS",
1580228147.44934,"GRIND_STATUS",
1580228199.2710786,"COFFEE_STATUS",2182
1580228250.7548769,"BREW_STATUS",
1580228267.4466548,"GRIND_STATUS",
1580228319.317827,"COFFEE_STATUS",2182
1580228371.329375,"BREW_STATUS",
1580228388.046192,"GRIND_STATUS",
1580228439.3811502,"COFFEE_STATUS",2182
1580228491.3274515,"BREW_STATUS",
1580228508.0386233,"GRIND_STATUS",
1580228559.4410772,"COFFEE_STATUS",2182
1580228611.3517904,"BREW_STATUS",
1580228628.077595,"GRIND_STATUS",
1580228679.4566271,"COFFEE_STATUS",2182
1580228731.3474433,"BREW_STATUS",
1580228748.0774531,"GRIND_STATUS",
1580228799.4697862,"COFFEE_STATUS",2181
1580228851.34759,"BREW_STATUS",
1580228868.098179,"GRIND_STATUS",
1580228919.5148106,"COFFEE_STATUS",2181
1580228971.3805475,"BREW_STATUS",
1580228988.0978367,"GRIND_STATUS",
1580229039.586742,"COFFEE_STATUS",2182
1580229091.3685234,"BREW_STATUS",
1580229108.1154773,"GRIND_STATUS",
1580229159.6037018,"COFFEE_STATUS",2181
1580229212.0626533,"BREW_STATUS",
1580229228.752531,"GRIND_STATUS",
1580229279.6127927,"COFFEE_STATUS",2181
1580229332.0625014,"BREW_STATUS",
1580229348.7722814,"GRIND_STATUS",
1580229399.61329,"COFFEE_STATUS",2181
1580229452.1241567,"BREW_STATUS",
1580229468.7725718,"GRIND_STATUS",
1580229519.7049468,"COFFEE_STATUS",2181
1580229571.0510638,"BREW_STATUS",
1580229587.781659,"GRIND_STATUS",
1580229639.7410479,"COFFEE_STATUS",2180
1580229691.0520728,"BREW_STATUS",
1580229707.7918735,"GRIND_STATUS",
1580229759.7972038,"COFFEE_STATUS",2181
1580229811.0705774,"BREW_STATUS",
1580229827.781183,"GRIND_STATUS",
1580229879.8043394,"COFFEE_STATUS",2182
1580229931.092094,"BREW_STATUS",
1580229947.8017325,"GRIND_STATUS",
1580229999.8117862,"COFFEE_STATUS",2181
1580230051.0721529,"BREW_STATUS",
1580230067.7918556,"GRIND_STATUS",
1580230119.9013655,"COFFEE_STATUS",2181
1580230171.1204193,"BREW_STATUS",
1580230187.7907243,"GRIND_STATUS",
1580230240.2363467,"COFFEE_STATUS",2181
1580230291.6314151,"BREW_STATUS",
1580230308.4525387,"GRIND_STATUS",
1580230360.3006008,"COFFEE_STATUS",2180
1580230411.6516109,"BREW_STATUS",
1580230428.371857,"GRIND_STATUS",
1580230480.333425,"COFFEE_STATUS",2180
1580230531.6603694,"BREW_STATUS",
1580230548.4337587,"GRIND_STATUS",
1580230600.389445,"COFFEE_STATUS",2181
1580230650.8521945,"BREW_STATUS",
1580230667.5820327,"GRIND_STATUS",
1580230720.4837244,"COFFEE_STATUS",2182
1580230770.903859,"BREW_STATUS",
1580230787.5743833,"GRIND_STATUS",
1580230840.4947534,"COFFEE_STATUS",2181
1580230890.601726,"BREW_STATUS",
1580230907.316233,"GRIND_STATUS",
1580230960.5339413,"COFFEE_STATUS",2181
1580231010.600703,"BREW_STATUS",
1580231027.2991326,"GRIND_STATUS",
1580231080.5835447,"COFFEE_STATUS",2180
1580231130.6110337,"BREW_STATUS",
1580231147.300446,"GRIND_STATUS",
1580231200.678865,"COFFEE_STATUS",2181
1580231250.620268,"BREW_STATUS",
1580231267.350305,"GRIND_STATUS",
1580231320.7026606,"COFFEE_STATUS",2180
1580231370.6291008,"BREW_STATUS",
1580231387.4009387,"GRIND_STATUS",
1580231440.789269,"COFFEE_STATUS",2180
1580231490.620204,"BREW_STATUS",
1580231507.3659916,"GRIND_STATUS",
1580231560.8390498,"COFFEE_STATUS",2179
1580231610.7020433,"BREW_STATUS",
1580231627.3401978,"GRIND_STATUS",
1580231680.9358737,"COFFEE_STATUS",2180
1580231730.6706848,"BREW_STATUS",
1580231747.3601115,"GRIND_STATUS",
1580231801.00643,"COFFEE_STATUS",2180
1580231850.7163742,"BREW_STATUS",
1580231867.381859,"GRIND_STATUS",
1580231921.0449393,"COFFEE_STATUS",2180
1580231971.234181,"BREW_STATUS",
1580231988.0136678,"GRIND_STATUS",
1580232041.0697463,"COFFEE_STATUS",2180
1580232091.2557068,"BREW_STATUS",
1580232107.9268935,"GRIND_STATUS",
1580232161.151439,"COFFEE_STATUS",2181
1580232211.2732515,"BREW_STATUS",
1580232227.9679866,"GRIND_STATUS",
1580232281.1587658,"COFFEE_STATUS",2181
1580232331.2586699,"BREW_STATUS",
1580232347.976923,"GRIND_STATUS",
1580232401.2280009,"COFFEE_STATUS",2180
1580232451.2880666,"BREW_STATUS",
1580232467.9609683,"GRIND_STATUS",
1580232521.327814,"COFFEE_STATUS",2179
1580232571.3080735,"BREW_STATUS",
1580232587.958837,"GRIND_STATUS",
1580232641.3386106,"COFFEE_STATUS",2180
1580232691.3180158,"BREW_STATUS",
1580232708.0217228,"GRIND_STATUS",
1580232761.3877523,"COFFEE_STATUS",2179
1580232811.32793,"BREW_STATUS",
1580232827.9780471,"GRIND_STATUS",
1580232881.4780142,"COFFEE_STATUS",2179
1580232931.3359685,"BREW_STATUS",
1580232947.9882278,"GRIND_STATUS",
1580233001.5518992,"COFFEE_STATUS",2181
1580233051.3384836,"BREW_STATUS",
1580233068.0383613,"GRIND_STATUS",
1580233121.6350906,"COFFEE_STATUS",2179
1580233171.1553314,"BREW_STATUS",
1580233187.840071,"GRIND_STATUS",
1580233241.7132764,"COFFEE_STATUS",2180
1580233291.156556,"BREW_STATUS",
1580233307.8529885,"GRIND_STATUS",
1580233361.7457852,"COFFEE_STATUS",2179
1580233411.1655674,"BREW_STATUS",
1580233427.8668807,"GRIND_STATUS",
1580233481.8394332,"COFFEE_STATUS",2179
1580233531.3739078,"BREW_STATUS",
1580233548.0910654,"GRIND_STATUS",
1580233601.8889666,"COFFEE_STATUS",2179
1580233651.1810288,"BREW_STATUS",
1580233667.8667364,"GRIND_STATUS",
1580233721.89926,"COFFEE_STATUS",2179
1580233771.1966467,"BREW_STATUS",
1580233788.191719,"GRIND_STATUS",
1580233841.9026446,"COFFEE_STATUS",2180
1580233891.200844,"BREW_STATUS",
1580233907.8866951,"GRIND_STATUS",
1580233961.9782987,"COFFEE_STATUS",2180
1580234011.2055542,"BREW_STATUS",
1580234027.8965857,"GRIND_STATUS",
1580234082.051637,"COFFEE_STATUS",2178
1580234131.2092695,"BREW_STATUS",
1580234147.9070592,"GRIND_STATUS",
1580234202.1505413,"COFFEE_STATUS",2179
1580234251.004048,"BREW_STATUS",
1580234267.744124,"GRIND_STATUS",
1580234322.161171,"COFFEE_STATUS",2180
1580234371.070175,"BREW_STATUS",
1580234387.804602,"GRIND_STATUS",
1580234442.2037163,"COFFEE_STATUS",2179
1580234490.810355,"BREW_STATUS",
1580234507.4757712,"GRIND_STATUS",
1580234562.2947783,"COFFEE_STATUS",2179
1580234611.3431165,"BREW_STATUS",
1580234628.0245662,"GRIND_STATUS",
1580234682.3413534,"COFFEE_STATUS",2179
1580234731.364492,"BREW_STATUS",
1580234748.2796018,"GRIND_STATUS",
1580234802.379292,"COFFEE_STATUS",2178
1580234851.5326974,"BREW_STATUS",
1580234868.0644083,"GRIND_STATUS",
1580234922.4700458,"COFFEE_STATUS",2178
1580234971.35025,"BREW_STATUS",
1580234988.1547513,"GRIND_STATUS",
1580235042.5361152,"COFFEE_STATUS",2180
1580235091.4047258,"BREW_STATUS",
1580235108.0534735,"GRIND_STATUS",
1580235162.62181,"COFFEE_STATUS",2179
1580235211.3942137,"BREW_STATUS",
1580235228.0633175,"GRIND_STATUS",
1580235282.812564,"COFFEE_STATUS",2180
1580235331.404854,"BREW_STATUS",
1580235348.0842779,"GRIND_STATUS",
1580235402.860964,"COFFEE_STATUS",2179
1580235451.3931627,"BREW_STATUS",
1580235468.0943573,"GRIND_STATUS",
1580235522.9517736,"COFFEE_STATUS",2179
1580235571.60214,"BREW_STATUS",
1580235588.2070732,"GRIND_STATUS",
1580235643.0263097,"COFFEE_STATUS",2180
1580235691.5470448,"BREW_STATUS",
1580235708.2169902,"GRIND_STATUS",
1580235763.0804782,"COFFEE_STATUS",2179
1580235811.5083456,"BREW_STATUS",
1580235828.2182302,"GRIND_STATUS",
1580235883.103532,"COFFEE_STATUS",2179
1580235931.5983245,"BREW_STATUS",
1580235948.2284977,"GRIND_STATUS",
1580236003.1726692,"COFFEE_STATUS",2180
1580236051.538308,"BREW_STATUS",
1580236068.2281382,"GRIND_STATUS",
1580236123.2665672,"COFFEE_STATUS",2179
1580236171.5482154,"BREW_STATUS",
1580236188.2385788,"GRIND_STATUS",
1580236243.3424766,"COFFEE_STATUS",2178
1580236291.5778804,"BREW_STATUS",
1580236308.2482014,"GRIND_STATUS",
1580236363.4054377,"COFFEE_STATUS",2180
1580236411.558425,"BREW_STATUS",
1580236428.2393887,"GRIND_STATUS",
1580236483.4968157,"COFFEE_STATUS",2180
1580236531.5685568,"BREW_STATUS",
1580236548.277973,"GRIND_STATUS",
1580236603.584917,"COFFEE_STATUS",2178
1580236651.568254,"BREW_STATUS",
1580236668.2804377,"GRIND_STATUS",
1580236723.636758,"COFFEE_STATUS",2178
1580236771.3434334,"BREW_STATUS",
1580236787.9991431,"GRIND_STATUS",
1580236843.7041688,"COFFEE_STATUS",2179
1580236891.7112076,"BREW_STATUS",
1580236908.3792903,"GRIND_STATUS",
1580236963.7083786,"COFFEE_STATUS",2180
1580237011.6794937,"BREW_STATUS",
1580237028.3589194,"GRIND_STATUS",
1580237083.7102416,"COFFEE_STATUS",2179
1580237131.7281473,"BREW_STATUS",
1580237148.3577213,"GRIND_STATUS",
1580237203.8074603,"COFFEE_STATUS",2178
1580237251.689003,"BREW_STATUS",
1580237268.388854,"GRIND_STATUS",
1580237323.86678,"COFFEE_STATUS",2181
1580237371.6991055,"BREW_STATUS",
1580237388.3792837,"GRIND_STATUS",
1580237443.8837616,"COFFEE_STATUS",2178
1580237491.6793718,"BREW_STATUS",
1580237508.3988168,"GRIND_STATUS",
1580237563.981704,"COFFEE_STATUS",2178
1580237611.7391818,"BREW_STATUS",
1580237628.4089866,"GRIND_STATUS",
1580237684.021846,"COFFEE_STATUS",2178
1580237731.785444,"BREW_STATUS",
1580237748.4076583,"GRIND_STATUS",
1580237804.1196415,"COFFEE_STATUS",2178
1580237851.122439,"BREW_STATUS",
1580237867.8418207,"GRIND_STATUS",
1580237924.169105,"COFFEE_STATUS",2179
1580237971.151663,"BREW_STATUS",
1580237987.8233259,"GRIND_STATUS",
1580238044.224865,"COFFEE_STATUS",2179
1580238090.9720366,"BREW_STATUS",
1580238107.6509783,"GRIND_STATUS",
1580238164.5385485,"COFFEE_STATUS",2178
1580238210.9810255,"BREW_STATUS",
1580238227.6613686,"GRIND_STATUS",
1580238284.6874084,"COFFEE_STATUS",2178
1580238330.9608784,"BREW_STATUS",
1580238347.6749194,"GRIND_STATUS",
1580238404.7252777,"COFFEE_STATUS",2179
1580238451.025097,"BREW_STATUS",
1580238467.6710813,"GRIND_STATUS",
1580238524.8142366,"COFFEE_STATUS",2179
1580238570.9815125,"BREW_STATUS",
1580238587.6911135,"GRIND_STATUS",
1580238644.817461,"COFFEE_STATUS",2180
1580238691.0272992,"BREW_STATUS",
1580238707.68106,"GRIND_STATUS",
1580238764.9140267,"COFFEE_STATUS",2178
1580238811.03109,"BREW_STATUS",
1580238827.949454,"GRIND_STATUS",
1580238884.971779,"COFFEE_STATUS",2177
1580238931.0200357,"BREW_STATUS",
1580238947.7310731,"GRIND_STATUS",
1580239005.0577226,"COFFEE_STATUS",2178
1580239051.040975,"BREW_STATUS",
1580239067.7253258,"GRIND_STATUS",
1580239125.114152,"COFFEE_STATUS",2180
1580239170.6680646,"BREW_STATUS",
1580239187.3880591,"GRIND_STATUS",
1580239245.1359456,"COFFEE_STATUS",2178
1580239290.6978498,"BREW_STATUS",
1580239307.4391503,"GRIND_STATUS",
1580239365.1903312,"COFFEE_STATUS",2179
1580239410.70628,"BREW_STATUS",
1580239427.6721506,"GRIND_STATUS",
1580239485.2807148,"COFFEE_STATUS",2178
1580239530.72758,"BREW_STATUS",
1580239547.3678474,"GRIND_STATUS",
1580239605.3557456,"COFFEE_STATUS",2178
1580239650.7380724,"BREW_STATUS",
1580239667.4074416,"GRIND_STATUS",
1580239725.3810256,"COFFEE_STATUS",2179
1580239770.7376826,"BREW_STATUS",
1580239787.427955,"GRIND_STATUS",
1580239845.4086199,"COFFEE_STATUS",2179
1580239890.7072597,"BREW_STATUS",
1580239907.396401,"GRIND_STATUS",
1580239965.461492,"COFFEE_STATUS",2179
1580240010.7464375,"BREW_STATUS",
1580240027.4074833,"GRIND_STATUS",
1580240085.5137532,"COFFEE_STATUS",2178
1580240130.7474604,"BREW_STATUS",
1580240147.6628335,"GRIND_STATUS",
1580240205.5293825,"COFFEE_STATUS",2180
1580240251.5875268,"BREW_STATUS",
1580240268.2797358,"GRIND_STATUS",
1580240325.531363,"COFFEE_STATUS",2179
1580240371.4897726,"BREW_STATUS",
1580240388.1793156,"GRIND_STATUS",
1580240445.5498874,"COFFEE_STATUS",2179
1580240491.6446,"BREW_STATUS",
1580240508.189148,"GRIND_STATUS",
1580240565.5790641,"COFFEE_STATUS",2179
1580240611.5303974,"BREW_STATUS",
1580240628.207963,"GRIND_STATUS",
1580240685.631765,"COFFEE_STATUS",2179
1580240731.5197656,"BREW_STATUS",
1580240748.1792862,"GRIND_STATUS",
1580240805.6648939,"COFFEE_STATUS",2178
1580240851.5742216,"BREW_STATUS",
1580240868.2297008,"GRIND_STATUS",
1580240925.8368053,"COFFEE_STATUS",2178
1580240971.5182595,"BREW_STATUS",
1580240988.2534077,"GRIND_STATUS",
1580241045.8480225,"COFFEE_STATUS",2177
1580241091.561255,"BREW_STATUS",
1580241108.464546,"GRIND_STATUS",
1580241165.8718152,"COFFEE_STATUS",2177
1580241211.5701382,"BREW_STATUS",
1580241228.2383666,"GRIND_STATUS",
1580241285.8745313,"COFFEE_STATUS",2179
1580241331.569373,"BREW_STATUS",
1580241348.2592583,"GRIND_STATUS",
1580241405.9692593,"COFFEE_STATUS",2178
1580241451.3217235,"BREW_STATUS",
1580241468.0551908,"GRIND_STATUS",
1580241526.0505426,"COFFEE_STATUS",2179
1580241571.3278024,"BREW_STATUS",
1580241588.0531845,"GRIND_STATUS",
1580241646.1123264,"COFFEE_STATUS",2179
1580241691.148826,"BREW_STATUS",
1580241707.865507,"GRIND_STATUS",
1580241766.1368446,"COFFEE_STATUS",2177
1580241811.1743429,"BREW_STATUS",
1580241827.8551502,"GRIND_STATUS",
1580241886.207193,"COFFEE_STATUS",2177
1580241931.164733,"BREW_STATUS",
1580241947.8533154,"GRIND_STATUS",
1580242006.2151608,"COFFEE_STATUS",2178
1580242051.2109585,"BREW_STATUS",
1580242068.0626898,"GRIND_STATUS",
1580242126.2979956,"COFFEE_STATUS",2179
1580242171.2232234,"BREW_STATUS",
1580242187.9377956,"GRIND_STATUS",
1580242246.3045819,"COFFEE_STATUS",2178
1580242291.184465,"BREW_STATUS",
1580242308.1126077,"GRIND_STATUS",
1580242366.380495,"COFFEE_STATUS",2177
1580242411.1845362,"BREW_STATUS",
1580242427.8741753,"GRIND_STATUS",
1580242486.4435642,"COFFEE_STATUS",2177
1580242531.2047477,"BREW_STATUS",
1580242547.9370334,"GRIND_STATUS",
1580242606.5314717,"COFFEE_STATUS",2178
1580242651.2233791,"BREW_STATUS",
1580242667.9133532,"GRIND_STATUS",
1580242726.6246605,"COFFEE_STATUS",2177
1580242770.9021323,"BREW_STATUS",
1580242787.5519335,"GRIND_STATUS",
1580242846.6376076,"COFFEE_STATUS",2177
1580242890.8921602,"BREW_STATUS",
1580242907.5921733,"GRIND_STATUS",
1580242966.701752,"COFFEE_STATUS",2178
1580243011.057254,"BREW_STATUS",
1580243027.604136,"GRIND_STATUS",
1580243086.7208915,"COFFEE_STATUS",2178
1580243130.922524,"BREW_STATUS",
1580243147.6109464,"GRIND_STATUS",
1580243206.7940674,"COFFEE_STATUS",2177
1580243250.932329,"BREW_STATUS",
1580243267.5910912,"GRIND_STATUS",
1580243326.8055754,"COFFEE_STATUS",2179
1580243370.9610038,"BREW_STATUS",
1580243387.5923975,"GRIND_STATUS",
1580243446.8447955,"COFFEE_STATUS",2177
1580243490.9710715,"BREW_STATUS",
1580243507.6399615,"GRIND_STATUS",
1580243566.916822,"COFFEE_STATUS",2177
1580243611.4668922,"BREW_STATUS",
1580243628.1469398,"GRIND_STATUS",
1580243686.9495256,"COFFEE_STATUS",2177
1580243731.4658182,"BREW_STATUS",
1580243748.1050856,"GRIND_STATUS",
1580243807.0230725,"COFFEE_STATUS",2178
1580243851.5255587,"BREW_STATUS",
1580243868.1154587,"GRIND_STATUS",
1580243927.0691752,"COFFEE_STATUS",2178
1580243970.7839413,"BREW_STATUS",
1580243987.3842459,"GRIND_STATUS",
1580244047.073277,"COFFEE_STATUS",2177
1580244090.7474582,"BREW_STATUS",
1580244107.4144313,"GRIND_STATUS",
1580244167.100596,"COFFEE_STATUS",2177
1580244210.744381,"BREW_STATUS",
1580244227.3841372,"GRIND_STATUS",
1580244287.156768,"COFFEE_STATUS",2177
1580244330.7646317,"BREW_STATUS",
1580244347.412967,"GRIND_STATUS",
1580244407.2533038,"COFFEE_STATUS",2177
1580244450.9346764,"BREW_STATUS",
1580244467.430174,"GRIND_STATUS",
1580244527.3011734,"COFFEE_STATUS",2179
1580244570.7741885,"BREW_STATUS",
1580244587.4440532,"GRIND_STATUS",
1580244647.3723247,"COFFEE_STATUS",2178
1580244690.774031,"BREW_STATUS",
1580244707.4242177,"GRIND_STATUS",
1580244767.673741,"COFFEE_STATUS",2177
1580244810.78402,"BREW_STATUS",
1580244827.453063,"GRIND_STATUS",
1580244887.6857114,"COFFEE_STATUS",2177
1580244930.7644248,"BREW_STATUS",
1580244947.4642234,"GRIND_STATUS",
1580245007.7443728,"COFFEE_STATUS",2178
1580245051.5540135,"BREW_STATUS",
1580245068.1941798,"GRIND_STATUS",
1580245127.7658465,"COFFEE_STATUS",2177
1580245171.6094642,"BREW_STATUS",
1580245188.1959527,"GRIND_STATUS",
1580245247.7699242,"COFFEE_STATUS",2177
1580245291.3003733,"BREW_STATUS",
1580245307.9700963,"GRIND_STATUS",
1580245367.9045331,"COFFEE_STATUS",2177
1580245411.3206391,"BREW_STATUS",
1580245427.9802737,"GRIND_STATUS",
1580245487.9818172,"COFFEE_STATUS",2179
1580245531.3042521,"BREW_STATUS",
1580245547.9712217,"GRIND_STATUS",
1580245608.0350463,"COFFEE_STATUS",2178
1580245651.3602552,"BREW_STATUS",
1580245668.0200913,"GRIND_STATUS",
1580245728.046949,"COFFEE_STATUS",2179
1580245771.6376936,"BREW_STATUS",
1580245788.3363822,"GRIND_STATUS",
1580245848.0770926,"COFFEE_STATUS",2177
1580245891.686436,"BREW_STATUS",
1580245908.3097823,"GRIND_STATUS",
1580245968.0796442,"COFFEE_STATUS",2178
1580246011.6565013,"BREW_STATUS",
1580246028.357562,"GRIND_STATUS",
1580246088.1583292,"COFFEE_STATUS",2177
1580246131.6695697,"BREW_STATUS",
1580246148.347862,"GRIND_STATUS",
1580246208.1854353,"COFFEE_STATUS",2177
1580246251.6879034,"BREW_STATUS",
1580246268.3475988,"GRIND_STATUS",
1580246328.1965468,"COFFEE_STATUS",2177
1580246370.9473894,"BREW_STATUS",
1580246387.8150942,"GRIND_STATUS",
1580246448.201804,"COFFEE_STATUS",2179
1580246491.020825,"BREW_STATUS",
1580246507.6561346,"GRIND_STATUS",
1580246568.4934046,"COFFEE_STATUS",2178
1580246611.0052903,"BREW_STATUS",
1580246627.6461487,"GRIND_STATUS",
1580246688.5013595,"COFFEE_STATUS",2177
1580246731.0070798,"BREW_STATUS",
1580246747.637197,"GRIND_STATUS",
1580246808.5192046,"COFFEE_STATUS",2177
1580246850.9860775,"BREW_STATUS",
1580246867.660355,"GRIND_STATUS",
1580246928.565468,"COFFEE_STATUS",2177
1580246970.996981,"BREW_STATUS",
1580246987.7047784,"GRIND_STATUS",
1580247048.5764053,"COFFEE_STATUS",2177
1580247091.0276098,"BREW_STATUS",
1580247107.677182,"GRIND_STATUS",
1580247168.6669018,"COFFEE_STATUS",2179
1580247211.1851156,"BREW_STATUS",
1580247227.687092,"GRIND_STATUS",
1580247288.741511,"COFFEE_STATUS",2177
1580247331.037508,"BREW_STATUS",
1580247347.7094696,"GRIND_STATUS",
1580247408.7698138,"COFFEE_STATUS",2178
1580247451.0474517,"BREW_STATUS",
1580247467.7379825,"GRIND_STATUS",
1580247528.780892,"COFFEE_STATUS",2177
1580247570.7964754,"BREW_STATUS",
1580247587.426743,"GRIND_STATUS",
1580247648.8640482,"COFFEE_STATUS",2178
1580247691.8294246,"BREW_STATUS",
1580247708.3611255,"GRIND_STATUS",
1580247768.9579978,"COFFEE_STATUS",2177
1580247811.712237,"BREW_STATUS",
1580247828.388873,"GRIND_STATUS",
1580247888.9765236,"COFFEE_STATUS",2178
1580247931.721549,"BREW_STATUS",
1580247948.4098747,"GRIND_STATUS",
1580248008.996423,"COFFEE_STATUS",2177
1580248051.7423818,"BREW_STATUS",
1580248068.4212096,"GRIND_STATUS",
1580248129.054649,"COFFEE_STATUS",2178
1580248171.762229,"BREW_STATUS",
1580248188.4023054,"GRIND_STATUS",
1580248249.0741723,"COFFEE_STATUS",2177
1580248291.792185,"BREW_STATUS",
1580248308.422266,"GRIND_STATUS",
1580248369.0779788,"COFFEE_STATUS",2178
1580248411.792538,"BREW_STATUS",
1580248428.4322875,"GRIND_STATUS",
1580248489.1301863,"COFFEE_STATUS",2178
1580248531.8031218,"BREW_STATUS",
1580248548.6893044,"GRIND_STATUS",
1580248609.172593,"COFFEE_STATUS",2178
1580248651.6647086,"BREW_STATUS",
1580248668.420119,"GRIND_STATUS",
1580248729.2430377,"COFFEE_STATUS",2178
1580248771.703565,"BREW_STATUS",
1580248788.3010237,"GRIND_STATUS",
1580248849.3430436,"COFFEE_STATUS",2177
1580248891.7194262,"BREW_STATUS",
1580248908.3991182,"GRIND_STATUS",
1580248969.4090073,"COFFEE_STATUS",2177
1580249011.7397094,"BREW_STATUS",
1580249028.4093447,"GRIND_STATUS",
1580249089.5394228,"COFFEE_STATUS",2178
1580249131.7596998,"BREW_STATUS",
1580249148.4436736,"GRIND_STATUS",
1580249209.6013384,"COFFEE_STATUS",2177
1580249251.7401588,"BREW_STATUS",
1580249268.3893433,"GRIND_STATUS",
1580249329.6313426,"COFFEE_STATUS",2177
1580249371.7792706,"BREW_STATUS",
1580249388.624766,"GRIND_STATUS",
1580249449.6541483,"COFFEE_STATUS",2177
1580249491.7893338,"BREW_STATUS",
1580249508.4496922,"GRIND_STATUS",
1580249569.7499712,"COFFEE_STATUS",2177
1580249611.7894278,"BREW_STATUS",
1580249628.4390647,"GRIND_STATUS",
1580249689.9268548,"COFFEE_STATUS",2177
1580249731.7710648,"BREW_STATUS",
1580249748.4881217,"GRIND_STATUS",
1580249810.0177078,"COFFEE_STATUS",2178
1580249851.7893646,"BREW_STATUS",
1580249868.476025,"GRIND_STATUS",
1580249930.0536153,"COFFEE_STATUS",2179
1580249971.0387273,"BREW_STATUS",
1580249987.7185624,"GRIND_STATUS",
1580250050.1003404,"COFFEE_STATUS",2177
1580250091.0513718,"BREW_STATUS",
1580250107.6986802,"GRIND_STATUS",
1580250170.110602,"COFFEE_STATUS",2177
1580250211.048548,"BREW_STATUS",
1580250227.7905502,"GRIND_STATUS",
1580250290.1198962,"COFFEE_STATUS",2177
1580250331.1326177,"BREW_STATUS",
1580250347.7191994,"GRIND_STATUS",
1580250410.1930578,"COFFEE_STATUS",2178
1580250451.0984132,"BREW_STATUS",
1580250467.7514262,"GRIND_STATUS",
1580250530.2107525,"COFFEE_STATUS",2178
1580250571.3491673,"BREW_STATUS",
1580250587.7498055,"GRIND_STATUS",
1580250650.2768679,"COFFEE_STATUS",2177
1580250691.0989916,"BREW_STATUS",
1580250707.7477305,"GRIND_STATUS",
1580250770.2887852,"COFFEE_STATUS",2178
1580250811.128692,"BREW_STATUS",
1580250827.7774556,"GRIND_STATUS",
1580250890.3542066,"COFFEE_STATUS",2177
1580250931.0989,"BREW_STATUS",
1580250947.778509,"GRIND_STATUS",
1580251010.4133084,"COFFEE_STATUS",2177
1580251051.159121,"BREW_STATUS",
1580251067.8073103,"GRIND_STATUS",
1580251130.490753,"COFFEE_STATUS",2177
1580251171.024215,"BREW_STATUS",
1580251187.6241145,"GRIND_STATUS",
1580251250.5711565,"COFFEE_STATUS",2177
1580251290.9839714,"BREW_STATUS",
1580251307.6239781,"GRIND_STATUS",
1580251370.5755894,"COFFEE_STATUS",2177
1580251410.984121,"BREW_STATUS",
1580251427.6528354,"GRIND_STATUS",
1580251490.5985591,"COFFEE_STATUS",2177
1580251531.0043638,"BREW_STATUS",
1580251547.615964,"GRIND_STATUS",
1580251610.6361468,"COFFEE_STATUS",2177
1580251651.013781,"BREW_STATUS",
1580251667.64264,"GRIND_STATUS",
1580251730.731973,"COFFEE_STATUS",2177
1580251771.033928,"BREW_STATUS",
1580251787.804311,"GRIND_STATUS",
1580251851.058434,"COFFEE_STATUS",2177
1580251891.0401483,"BREW_STATUS",
1580251907.6541724,"GRIND_STATUS",
1580251971.0719175,"COFFEE_STATUS",2178
1580252011.0028014,"BREW_STATUS",
1580252027.6739786,"GRIND_STATUS",
1580252091.0727556,"COFFEE_STATUS",2178
1580252131.0485463,"BREW_STATUS",
1580252147.6640768,"GRIND_STATUS",
1580252211.143557,"COFFEE_STATUS",2177
1580252250.7918212,"BREW_STATUS",
1580252267.3911998,"GRIND_STATUS",
1580252331.2148654,"COFFEE_STATUS",2177
1580252370.790025,"BREW_STATUS",
1580252388.1097376,"GRIND_STATUS",
1580252451.2353356,"COFFEE_STATUS",2178
1580252491.4888148,"BREW_STATUS",
1580252508.157076,"GRIND_STATUS",
1580252571.384185,"COFFEE_STATUS",2178
1580252611.5374227,"BREW_STATUS",
1580252628.1770263,"GRIND_STATUS",
1580252691.3930118,"COFFEE_STATUS",2178
1580252731.5579932,"BREW_STATUS",
1580252748.2251751,"GRIND_STATUS",
1580252811.4553308,"COFFEE_STATUS",2177
1580252851.5287237,"BREW_STATUS",
1580252868.1671214,"GRIND_STATUS",
1580252931.502243,"COFFEE_STATUS",2177
1580252971.5567899,"BREW_STATUS",
1580252988.1772888,"GRIND_STATUS",
1580253051.533288,"COFFEE_STATUS",2177
1580253091.5670345,"BREW_STATUS",
1580253108.1971576,"GRIND_STATUS",
1580253171.62533,"COFFEE_STATUS",2178
1580253211.5875814,"BREW_STATUS",
1580253228.2270155,"GRIND_STATUS",
1580253291.632024,"COFFEE_STATUS",2179
1580253331.5573509,"BREW_STATUS",
1580253348.2475622,"GRIND_STATUS",
1580253411.6992543,"COFFEE_STATUS",2176
1580253451.5812812,"BREW_STATUS",
1580253468.2392592,"GRIND_STATUS",
1580253531.729493,"COFFEE_STATUS",2177
1580253571.2581255,"BREW_STATUS",
1580253587.9277503,"GRIND_STATUS",
1580253651.8103065,"COFFEE_STATUS",2177
1580253691.550393,"BREW_STATUS",
1580253708.1525326,"GRIND_STATUS",
1580253771.8504596,"COFFEE_STATUS",2176
1580253811.5693977,"BREW_STATUS",
1580253828.190288,"GRIND_STATUS",
1580253891.914669,"COFFEE_STATUS",2177
1580253931.5321157,"BREW_STATUS",
1580253948.2182786,"GRIND_STATUS",
1580254012.0095766,"COFFEE_STATUS",2176
1580254051.8272407,"BREW_STATUS",
1580254068.2106535,"GRIND_STATUS",
1580254132.0211442,"COFFEE_STATUS",2178
1580254171.5411413,"BREW_STATUS",
1580254188.1908045,"GRIND_STATUS",
1580254252.1441228,"COFFEE_STATUS",2177
1580254291.5907547,"BREW_STATUS",
1580254308.2218163,"GRIND_STATUS",
1580254372.2902675,"COFFEE_STATUS",2178
1580254411.6107366,"BREW_STATUS",
1580254428.2305205,"GRIND_STATUS",
1580254492.3273928,"COFFEE_STATUS",2178
1580254531.6120486,"BREW_STATUS",
1580254548.250284,"GRIND_STATUS",
1580254612.3870966,"COFFEE_STATUS",2178
1580254651.590539,"BREW_STATUS",
1580254668.2604516,"GRIND_STATUS",
1580254732.4760466,"COFFEE_STATUS",2177
1580254771.0409694,"BREW_STATUS",
1580254787.7319474,"GRIND_STATUS",
1580254852.5586388,"COFFEE_STATUS",2177
1580254891.1143017,"BREW_STATUS",
1580254907.7020767,"GRIND_STATUS",
1580254972.642035,"COFFEE_STATUS",2177
1580255011.0623767,"BREW_STATUS",
1580255027.6924977,"GRIND_STATUS",
1580255092.7191465,"COFFEE_STATUS",2177
1580255131.1315656,"BREW_STATUS",
1580255147.7094204,"GRIND_STATUS",
1580255212.7301173,"COFFEE_STATUS",2177
1580255251.0996118,"BREW_STATUS",
1580255267.7423453,"GRIND_STATUS",
1580255332.7624269,"COFFEE_STATUS",2177
1580255371.1121867,"BREW_STATUS",
1580255387.7463634,"GRIND_STATUS",
1580255452.8517704,"COFFEE_STATUS",2178
1580255491.122738,"BREW_STATUS",
1580255507.7750447,"GRIND_STATUS",
1580255572.8947144,"COFFEE_STATUS",2177
1580255611.32004,"BREW_STATUS",
1580255627.7622526,"GRIND_STATUS",
1580255692.9897828,"COFFEE_STATUS",2178
1580255731.3398087,"BREW_STATUS",
1580255747.9497027,"GRIND_STATUS",
1580255813.0734572,"COFFEE_STATUS",2177
1580255850.926927,"BREW_STATUS",
1580255867.5571935,"GRIND_STATUS",
1580255933.172409,"COFFEE_STATUS",2177
1580255970.9875758,"BREW_STATUS",
1580255987.5976403,"GRIND_STATUS",
1580256053.1994152,"COFFEE_STATUS",2177
1580256090.7002208,"BREW_STATUS",
1580256107.3752406,"GRIND_STATUS",
1580256173.2378228,"COFFEE_STATUS",2177
1580256210.7600718,"BREW_STATUS",
1580256227.380046,"GRIND_STATUS",
1580256293.324287,"COFFEE_STATUS",2178
1580256330.7906895,"BREW_STATUS",
1580256347.6947439,"GRIND_STATUS",
1580256413.3813183,"COFFEE_STATUS",2177
1580256450.7643516,"BREW_STATUS",
1580256467.3900354,"GRIND_STATUS",
1580256533.396445,"COFFEE_STATUS",2176
1580256570.7704365,"BREW_STATUS",
1580256587.4001544,"GRIND_STATUS",
1580256653.4120097,"COFFEE_STATUS",2177
1580256690.750053,"BREW_STATUS",
1580256707.5353606,"GRIND_STATUS",
1580256773.4145312,"COFFEE_STATUS",2177
1580256810.770285,"BREW_STATUS",
1580256827.442085,"GRIND_STATUS",
1580256893.4658577,"COFFEE_STATUS",2178
1580256931.2342439,"BREW_STATUS",
1580256947.8348265,"GRIND_STATUS",
1580257013.5500531,"COFFEE_STATUS",2178
1580257051.5218945,"BREW_STATUS",
1580257068.0300946,"GRIND_STATUS",
1580257133.5751748,"COFFEE_STATUS",2177
1580257171.3909554,"BREW_STATUS",
1580257188.0306852,"GRIND_STATUS",
1580257253.6506324,"COFFEE_STATUS",2177
1580257291.4710197,"BREW_STATUS",
1580257308.059706,"GRIND_STATUS",
1580257373.6880686,"COFFEE_STATUS",2178
1580257411.4218917,"BREW_STATUS",
1580257428.0720809,"GRIND_STATUS",
1580257493.694327,"COFFEE_STATUS",2178
1580257531.43334,"BREW_STATUS",
1580257548.100893,"GRIND_STATUS",
1580257613.766773,"COFFEE_STATUS",2177
1580257651.4306824,"BREW_STATUS",
1580257668.0410538,"GRIND_STATUS",
1580257733.7702167,"COFFEE_STATUS",2178
1580257771.4538083,"BREW_STATUS",
1580257788.0811203,"GRIND_STATUS",
1580257853.850411,"COFFEE_STATUS",2178
1580257891.4546156,"BREW_STATUS",
1580257908.1689591,"GRIND_STATUS",
1580257973.8907595,"COFFEE_STATUS",2177
1580258011.470758,"BREW_STATUS",
1580258028.071078,"GRIND_STATUS",
1580258093.9838483,"COFFEE_STATUS",2177
1580258131.4606879,"BREW_STATUS",
1580258148.6685998,"GRIND_STATUS",
1580258214.0389688,"COFFEE_STATUS",2177
1580258252.0176885,"BREW_STATUS",
1580258268.6673577,"GRIND_STATUS",
1580258334.1303568,"COFFEE_STATUS",2177
1580258371.218571,"BREW_STATUS",
1580258387.8373585,"GRIND_STATUS",
1580258454.1997411,"COFFEE_STATUS",2177
1580258491.2074943,"BREW_STATUS",
1580258507.8486214,"GRIND_STATUS",
1580258574.2697194,"COFFEE_STATUS",2176
1580258611.2284737,"BREW_STATUS",
1580258627.8561797,"GRIND_STATUS",
1580258694.345082,"COFFEE_STATUS",2178
1580258731.2488818,"BREW_STATUS",
1580258747.8673503,"GRIND_STATUS",
1580258814.3779874,"COFFEE_STATUS",2178
1580258851.2587616,"BREW_STATUS",
1580258867.888408,"GRIND_STATUS",
1580258934.427971,"COFFEE_STATUS",2178
1580258971.2785685,"BREW_STATUS",
1580258987.9083896,"GRIND_STATUS",
1580259054.4423277,"COFFEE_STATUS",2176
1580259091.2877064,"BREW_STATUS",
1580259107.9183776,"GRIND_STATUS",
1580259174.5114238,"COFFEE_STATUS",2176
1580259211.3088388,"BREW_STATUS",
1580259227.928712,"GRIND_STATUS",
1580259294.5116222,"COFFEE_STATUS",2178
1580259331.3712115,"BREW_STATUS",
1580259347.6787329,"GRIND_STATUS",
1580259414.8335426,"COFFEE_STATUS",2176
1580259451.070593,"BREW_STATUS",
1580259467.6506057,"GRIND_STATUS",
1580259534.8701885,"COFFEE_STATUS",2177
1580259571.0293982,"BREW_STATUS",
1580259587.7138562,"GRIND_STATUS",
1580259654.9107661,"COFFEE_STATUS",2176
1580259690.8322375,"BREW_STATUS",
1580259707.4438095,"GRIND_STATUS",
1580259774.922252,"COFFEE_STATUS",2178
1580259810.8240688,"BREW_STATUS",
1580259827.4682355,"GRIND_STATUS",
1580259894.9496353,"COFFEE_STATUS",2177
1580259930.8021317,"BREW_STATUS",
1580259947.6324809,"GRIND_STATUS",
1580260015.0225487,"COFFEE_STATUS",2178
1580260050.8522139,"BREW_STATUS",
1580260067.4519522,"GRIND_STATUS",
1580260135.1014907,"COFFEE_STATUS",2176
1580260170.8719032,"BREW_STATUS",
1580260187.4818354,"GRIND_STATUS",
1580260255.143957,"COFFEE_STATUS",2176
1580260291.1780138,"BREW_STATUS",
1580260307.468796,"GRIND_STATUS",
1580260375.1696696,"COFFEE_STATUS",2176
1580260410.997049,"BREW_STATUS",
1580260427.5007687,"GRIND_STATUS",
1580260495.2620316,"COFFEE_STATUS",2177
1580260531.803407,"BREW_STATUS",
1580260548.429844,"GRIND_STATUS",
1580260615.2769945,"COFFEE_STATUS",2177
1580260651.8388412,"BREW_STATUS",
1580260668.410688,"GRIND_STATUS",
1580260735.374414,"COFFEE_STATUS",2176
1580260771.4473076,"BREW_STATUS",
1580260788.0563838,"GRIND_STATUS",
1580260855.4273977,"COFFEE_STATUS",2176
1580260891.4572415,"BREW_STATUS",
1580260908.0465126,"GRIND_STATUS",
1580260975.4931402,"COFFEE_STATUS",2177
1580261011.4374604,"BREW_STATUS",
1580261028.0815783,"GRIND_STATUS",
1580261095.5182045,"COFFEE_STATUS",2177
1580261131.4577644,"BREW_STATUS",
1580261148.0866127,"GRIND_STATUS",
1580261215.6060128,"COFFEE_STATUS",2176
1580261251.4767277,"BREW_STATUS",
1580261268.0774176,"GRIND_STATUS",
1580261335.693192,"COFFEE_STATUS",2177
1580261371.5015385,"BREW_STATUS",
1580261388.1138844,"GRIND_STATUS",
1580261455.7826278,"COFFEE_STATUS",2176
1580261491.5053732,"BREW_STATUS",
1580261508.1160965,"GRIND_STATUS",
1580261575.7960675,"COFFEE_STATUS",2176
1580261611.5316536,"BREW_STATUS",
1580261628.127573,"GRIND_STATUS",
1580261695.8224247,"COFFEE_STATUS",2177
1580261731.577103,"BREW_STATUS",
1580261748.1075196,"GRIND_STATUS",
1580261815.8585184,"COFFEE_STATUS",2176
1580261851.5073032,"BREW_STATUS",
1580261868.133674,"GRIND_STATUS",
1580261935.9256296,"COFFEE_STATUS",2176
1580261971.3506832,"BREW_STATUS",
1580261987.924711,"GRIND_STATUS",
1580262056.007658,"COFFEE_STATUS",2178
1580262091.32676,"BREW_STATUS",
1580262107.9657462,"GRIND_STATUS",
1580262176.0661697,"COFFEE_STATUS",2176
1580262211.3360386,"BREW_STATUS",
1580262227.9761233,"GRIND_STATUS",
1580262296.075641,"COFFEE_STATUS",2177
1580262331.3452513,"BREW_STATUS",
1580262347.9746075,"GRIND_STATUS",
1580262416.1605175,"COFFEE_STATUS",2176
1580262451.3760061,"BREW_STATUS",
1580262467.9559095,"GRIND_STATUS",
1580262536.2009728,"COFFEE_STATUS",2176
1580262571.3859308,"BREW_STATUS",
1580262587.96573,"GRIND_STATUS",
1580262656.2316694,"COFFEE_STATUS",2176
1580262691.4046874,"BREW_STATUS",
1580262708.0058937,"GRIND_STATUS",
1580262776.533406,"COFFEE_STATUS",2177
1580262811.3860261,"BREW_STATUS",
1580262828.0056694,"GRIND_STATUS",
1580262896.5839262,"COFFEE_STATUS",2176
1580262931.405898,"BREW_STATUS",
1580262948.0288203,"GRIND_STATUS",
1580263016.650818,"COFFEE_STATUS",2176
1580263051.1429322,"BREW_STATUS",
1580263067.7419755,"GRIND_STATUS",
1580263136.7444031,"COFFEE_STATUS",2176
1580263171.39848,"BREW_STATUS",
1580263187.7628202,"GRIND_STATUS",
1580263256.7954159,"COFFEE_STATUS",2177
1580263290.990428,"BREW_STATUS",
1580263307.5904346,"GRIND_STATUS",
1580263376.8737934,"COFFEE_STATUS",2176
1580263410.9903672,"BREW_STATUS",
1580263427.5989804,"GRIND_STATUS",
1580263496.9475858,"COFFEE_STATUS",2178
1580263531.0003119,"BREW_STATUS",
1580263547.628037,"GRIND_STATUS",
1580263616.9954731,"COFFEE_STATUS",2176
1580263651.0004632,"BREW_STATUS",
1580263667.6303053,"GRIND_STATUS",
1580263737.011983,"COFFEE_STATUS",2177
1580263771.352892,"BREW_STATUS",
1580263787.9634976,"GRIND_STATUS",
1580263857.0949924,"COFFEE_STATUS",2177
1580263891.3748398,"BREW_STATUS",
1580263907.9545934,"GRIND_STATUS",
1580263977.1556442,"COFFEE_STATUS",2178
1580264011.3945577,"BREW_STATUS",
1580264027.9591658,"GRIND_STATUS",
1580264097.2544599,"COFFEE_STATUS",2176
1580264131.4344358,"BREW_STATUS",
1580264147.9945056,"GRIND_STATUS",
1580264217.3340907,"COFFEE_STATUS",2176
1580264251.3845499,"BREW_STATUS",
1580264268.0047483,"GRIND_STATUS",
1580264337.3855748,"COFFEE_STATUS",2177
1580264371.76625,"BREW_STATUS",
1580264388.345015,"GRIND_STATUS",
1580264457.452329,"COFFEE_STATUS",2176
1580264491.929172,"BREW_STATUS",
1580264508.3645253,"GRIND_STATUS",
1580264577.5405788,"COFFEE_STATUS",2176
1580264611.82126,"BREW_STATUS",
1580264628.364405,"GRIND_STATUS",
1580264697.572558,"COFFEE_STATUS",2176
1580264731.7350633,"BREW_STATUS",
1580264748.5643122,"GRIND_STATUS",
1580264817.5877848,"COFFEE_STATUS",2176
1580264851.7442076,"BREW_STATUS",
1580264868.3758087,"GRIND_STATUS",
1580264937.656901,"COFFEE_STATUS",2175
1580264972.2148082,"BREW_STATUS",
1580264988.8150322,"GRIND_STATUS",
1580265057.6795006,"COFFEE_STATUS",2176
1580265092.2051737,"BREW_STATUS",
1580265108.834617,"GRIND_STATUS",
1580265177.7388773,"COFFEE_STATUS",2177
1580265212.2460067,"BREW_STATUS",
1580265228.8367202,"GRIND_STATUS",
1580265297.7678432,"COFFEE_STATUS",2177
1580265332.4148724,"BREW_STATUS",
1580265348.8545616,"GRIND_STATUS",
1580265417.8167572,"COFFEE_STATUS",2176
1580265452.2536438,"BREW_STATUS",
1580265469.1007802,"GRIND_STATUS",
1580265537.9305336,"COFFEE_STATUS",2176
1580265571.5163314,"BREW_STATUS",
1580265588.146324,"GRIND_STATUS",
1580265657.9359972,"COFFEE_STATUS",2177
1580265691.5262437,"BREW_STATUS",
1580265708.146356,"GRIND_STATUS",
1580265777.9513383,"COFFEE_STATUS",2177
1580265811.5419092,"BREW_STATUS",
1580265828.1261132,"GRIND_STATUS",
1580265897.9979637,"COFFEE_STATUS",2175
1580265931.5557582,"BREW_STATUS",
1580265948.1362753,"GRIND_STATUS",
1580266018.028803,"COFFEE_STATUS",2176
1580266051.5451581,"BREW_STATUS",
1580266068.156227,"GRIND_STATUS",
1580266138.1151175,"COFFEE_STATUS",2178
1580266171.1610534,"BREW_STATUS",
1580266187.7509737,"GRIND_STATUS",
1580266258.1821444,"COFFEE_STATUS",2177
1580266291.1609452,"BREW_STATUS",
1580266307.7696795,"GRIND_STATUS",
1580266378.2215607,"COFFEE_STATUS",2175
1580266411.1717837,"BREW_STATUS",
1580266427.7909827,"GRIND_STATUS",
1580266498.2644732,"COFFEE_STATUS",2177
1580266531.391522,"BREW_STATUS",
1580266547.8418138,"GRIND_STATUS",
1580266618.3406146,"COFFEE_STATUS",2178
1580266651.3414783,"BREW_STATUS",
1580266667.9416306,"GRIND_STATUS",
1580266738.3818958,"COFFEE_STATUS",2176
1580266771.379077,"BREW_STATUS",
1580266787.9645617,"GRIND_STATUS",
1580266858.4383152,"COFFEE_STATUS",2178
1580266891.4859653,"BREW_STATUS",
1580266907.7610054,"GRIND_STATUS",
1580266978.5153353,"COFFEE_STATUS",2176
1580267011.161032,"BREW_STATUS",
1580267027.7708864,"GRIND_STATUS",
1580267098.566083,"COFFEE_STATUS",2176
1580267131.3176038,"BREW_STATUS",
1580267147.8097823,"GRIND_STATUS",
1580267218.6297624,"COFFEE_STATUS",2176
1580267251.1910343,"BREW_STATUS",
1580267267.8010101,"GRIND_STATUS",
1580267338.6646025,"COFFEE_STATUS",2176
1580267371.2025461,"BREW_STATUS",
1580267387.80118,"GRIND_STATUS",
1580267458.7564597,"COFFEE_STATUS",2177
1580267491.2623923,"BREW_STATUS",
1580267507.8109837,"GRIND_STATUS",
1580267578.8258588,"COFFEE_STATUS",2176
1580267611.241963,"BREW_STATUS",
1580267627.8497455,"GRIND_STATUS",
1580267699.0050995,"COFFEE_STATUS",2176
1580267731.272016,"BREW_STATUS",
1580267747.8684194,"GRIND_STATUS",
1580267819.1033993,"COFFEE_STATUS",2176
1580267851.270716,"BREW_STATUS",
1580267867.8309722,"GRIND_STATUS",
1580267939.1390338,"COFFEE_STATUS",2176
1580267970.94385,"BREW_STATUS",
1580267987.678599,"GRIND_STATUS",
1580268059.1902797,"COFFEE_STATUS",2175
1580268090.95348,"BREW_STATUS",
1580268107.5235085,"GRIND_STATUS",
1580268179.2443652,"COFFEE_STATUS",2176
1580268210.9518802,"BREW_STATUS",
1580268227.585687,"GRIND_STATUS",
1580268299.2793088,"COFFEE_STATUS",2177
1580268330.9340403,"BREW_STATUS",
1580268347.5334184,"GRIND_STATUS",
1580268419.337653,"COFFEE_STATUS",2175
1580268451.5634553,"BREW_STATUS",
1580268468.1832771,"GRIND_STATUS",
1580268539.3935883,"COFFEE_STATUS",2176
1580268571.5541034,"BREW_STATUS",
1580268588.154229,"GRIND_STATUS",
1580268659.4203176,"COFFEE_STATUS",2175
1580268691.603718,"BREW_STATUS",
1580268708.201333,"GRIND_STATUS",
1580268779.5195248,"COFFEE_STATUS",2176
1580268811.644285,"BREW_STATUS",
1580268828.1633556,"GRIND_STATUS",
1580268899.680956,"COFFEE_STATUS",2176
1580268931.6236691,"BREW_STATUS",
1580268948.1835182,"GRIND_STATUS",
1580269019.6865041,"COFFEE_STATUS",2177
1580269051.622517,"BREW_STATUS",
1580269068.3310304,"GRIND_STATUS",
1580269139.7158809,"COFFEE_STATUS",2177
1580269171.745514,"BREW_STATUS",
1580269188.3057528,"GRIND_STATUS",
1580269259.7437418,"COFFEE_STATUS",2177
1580269291.746046,"BREW_STATUS",
1580269308.3482537,"GRIND_STATUS",
1580269379.7908342,"COFFEE_STATUS",2176
1580269411.7575073,"BREW_STATUS",
1580269428.336577,"GRIND_STATUS",
1580269499.8861995,"COFFEE_STATUS",2176
1580269531.7572598,"BREW_STATUS",
1580269548.6077514,"GRIND_STATUS",
1580269619.8878453,"COFFEE_STATUS",2175
1580269652.0275378,"BREW_STATUS",
1580269668.656488,"GRIND_STATUS",
1580269739.9617262,"COFFEE_STATUS",2176
1580269772.037659,"BREW_STATUS",
1580269788.6295655,"GRIND_STATUS",
1580269860.0270238,"COFFEE_STATUS",2176
1580269892.0475829,"BREW_STATUS",
1580269908.630669,"GRIND_STATUS",
1580269980.1032772,"COFFEE_STATUS",2176
1580270012.0663102,"BREW_STATUS",
1580270028.6363795,"GRIND_STATUS",
1580270100.1510804,"COFFEE_STATUS",2176
1580270132.07791,"BREW_STATUS",
1580270148.6578717,"GRIND_STATUS",
1580270220.1669087,"COFFEE_STATUS",2176
1580270251.5811217,"BREW_STATUS",
1580270268.2314923,"GRIND_STATUS",
1580270340.2547903,"COFFEE_STATUS",2176
1580270371.5910578,"BREW_STATUS",
1580270388.1820738,"GRIND_STATUS",
1580270460.2560508,"COFFEE_STATUS",2177
1580270491.3449798,"BREW_STATUS",
1580270507.903507,"GRIND_STATUS",
1580270580.3542488,"COFFEE_STATUS",2176
1580270611.3236156,"BREW_STATUS",
1580270627.9136548,"GRIND_STATUS",
1580270700.399005,"COFFEE_STATUS",2176
1580270731.353788,"BREW_STATUS",
1580270747.9341295,"GRIND_STATUS",
1580270820.464907,"COFFEE_STATUS",2176
1580270851.3737087,"BREW_STATUS",
1580270867.9609208,"GRIND_STATUS",
1580270940.5562232,"COFFEE_STATUS",2177
1580270971.3323612,"BREW_STATUS",
1580270987.953668,"GRIND_STATUS",
1580271060.6008308,"COFFEE_STATUS",2176
1580271091.3540246,"BREW_STATUS",
1580271107.9710457,"GRIND_STATUS",
1580271180.6041758,"COFFEE_STATUS",2177
1580271211.4037786,"BREW_STATUS",
1580271227.9736357,"GRIND_STATUS",
1580271300.62961,"COFFEE_STATUS",2177
1580271331.3858142,"BREW_STATUS",
1580271347.9736326,"GRIND_STATUS",
1580271420.6370997,"COFFEE_STATUS",2176
1580271451.6118412,"BREW_STATUS",
1580271468.027928,"GRIND_STATUS",
1580271540.7023656,"COFFEE_STATUS",2176
1580271571.0613496,"BREW_STATUS",
1580271587.6541753,"GRIND_STATUS",
1580271660.7956111,"COFFEE_STATUS",2177
1580271690.843405,"BREW_STATUS",
1580271707.7480783,"GRIND_STATUS",
1580271780.851937,"COFFEE_STATUS",2175
1580271810.881574,"BREW_STATUS",
1580271827.4401243,"GRIND_STATUS",
1580271900.9354024,"COFFEE_STATUS",2176
1580271930.8921182,"BREW_STATUS",
1580271947.4413638,"GRIND_STATUS",
1580272020.9445236,"COFFEE_STATUS",2175
1580272050.8930404,"BREW_STATUS",
1580272067.4615512,"GRIND_STATUS",
1580272141.030487,"COFFEE_STATUS",2176
1580272170.921924,"BREW_STATUS",
1580272187.602065,"GRIND_STATUS",
1580272261.0983553,"COFFEE_STATUS",2176
1580272290.9099834,"BREW_STATUS",
1580272307.5014954,"GRIND_STATUS",
1580272381.1448467,"COFFEE_STATUS",2176
1580272410.8684068,"BREW_STATUS",
1580272427.5652432,"GRIND_STATUS",
1580272501.1948617,"COFFEE_STATUS",2177
1580272530.9522126,"BREW_STATUS",
1580272547.5570538,"GRIND_STATUS",
1580272621.2864108,"COFFEE_STATUS",2176
1580272650.9315588,"BREW_STATUS",
1580272667.739656,"GRIND_STATUS",
1580272741.3702111,"COFFEE_STATUS",2177
1580272770.8871703,"BREW_STATUS",
1580272787.6979127,"GRIND_STATUS",
1580272861.4694736,"COFFEE_STATUS",2176
1580272890.8675923,"BREW_STATUS",
1580272907.4661236,"GRIND_STATUS",
1580272981.4980302,"COFFEE_STATUS",2177
1580273010.877402,"BREW_STATUS",
1580273027.4866378,"GRIND_STATUS",
1580273101.528207,"COFFEE_STATUS",2177
1580273130.8883703,"BREW_STATUS",
1580273147.4572487,"GRIND_STATUS",
1580273221.5812821,"COFFEE_STATUS",2176
1580273250.897597,"BREW_STATUS",
1580273267.4808245,"GRIND_STATUS",
1580273341.5823588,"COFFEE_STATUS",2176
1580273370.9073253,"BREW_STATUS",
1580273387.4874713,"GRIND_STATUS",
1580273461.6315918,"COFFEE_STATUS",2177
1580273490.9371314,"BREW_STATUS",
1580273507.5072567,"GRIND_STATUS",
1580273581.7214537,"COFFEE_STATUS",2175
1580273610.927139,"BREW_STATUS",
1580273627.6876595,"GRIND_STATUS",
1580273701.8226137,"COFFEE_STATUS",2177
1580273730.9572635,"BREW_STATUS",
1580273747.4960704,"GRIND_STATUS",
1580273822.0331905,"COFFEE_STATUS",2176
1580273851.8467345,"BREW_STATUS",
1580273868.3422377,"GRIND_STATUS",
1580273942.1114757,"COFFEE_STATUS",2177
1580273972.7888067,"BREW_STATUS",
1580273989.3200412,"GRIND_STATUS",
1580274062.1382778,"COFFEE_STATUS",2176
1580274091.5931695,"BREW_STATUS",
1580274108.198161,"GRIND_STATUS",
1580274182.1662076,"COFFEE_STATUS",2177
1580274211.6001782,"BREW_STATUS",
1580274228.2225373,"GRIND_STATUS",
1580274302.2333066,"COFFEE_STATUS",2175
1580274331.6613407,"BREW_STATUS",
1580274348.2115526,"GRIND_STATUS",
1580274422.279577,"COFFEE_STATUS",2176
1580274451.6002266,"BREW_STATUS",
1580274468.337287,"GRIND_STATUS",
1580274542.5700111,"COFFEE_STATUS",2176
1580274571.6104825,"BREW_STATUS",
1580274588.1903448,"GRIND_STATUS",
1580274662.579224,"COFFEE_STATUS",2175
1580274691.620692,"BREW_STATUS",
1580274708.2642348,"GRIND_STATUS",
1580274782.8376935,"COFFEE_STATUS",2176
1580274811.6503413,"BREW_STATUS",
1580274828.2389126,"GRIND_STATUS",
1580274902.9325638,"COFFEE_STATUS",2175
1580274931.6500757,"BREW_STATUS",
1580274948.22963,"GRIND_STATUS",
1580275022.9579597,"COFFEE_STATUS",2177
1580275051.650074,"BREW_STATUS",
1580275068.2701428,"GRIND_STATUS",
1580275142.9720848,"COFFEE_STATUS",2176
1580275171.2701619,"BREW_STATUS",
1580275187.8800492,"GRIND_STATUS",
1580275263.0045214,"COFFEE_STATUS",2176
1580275291.319925,"BREW_STATUS",
1580275307.8699558,"GRIND_STATUS",
1580275383.0776722,"COFFEE_STATUS",2176
1580275411.3101828,"BREW_STATUS",
1580275428.1251369,"GRIND_STATUS",
1580275503.232311,"COFFEE_STATUS",2176
1580275531.3200102,"BREW_STATUS",
1580275547.9301646,"GRIND_STATUS",
1580275668.5077236,"COFFEE_STARTUP",
1580275798.559146,"COFFEE_STATUS",2176
1580275844.3256493,"GRIND_STATUS",
1580275848.3595946,"BREW_STATUS",
1580275918.7201493,"COFFEE_STATUS",2176
1580275965.9231937,"GRIND_STATUS",
1580275970.0593567,"BREW_STATUS",
1580276038.7615097,"COFFEE_STATUS",2177
1580276085.913868,"GRIND_STATUS",
1580276089.8906589,"BREW_STATUS",
1580276158.76674,"COFFEE_STATUS",2177
1580276205.9607959,"GRIND_STATUS",
1580276209.860518,"BREW_STATUS",
1580276278.8475263,"COFFEE_STATUS",2176
1580276325.772453,"GRIND_STATUS",
1580276329.9091763,"BREW_STATUS",
1580276398.915156,"COFFEE_STATUS",2175
1580276443.6736968,"GRIND_STATUS",
1580276447.763558,"BREW_STATUS",
1580276518.9932823,"COFFEE_STATUS",2176
1580276563.6384125,"GRIND_STATUS",
1580276567.7540543,"BREW_STATUS",
1580276639.0005991,"COFFEE_STATUS",2176
1580276683.6437638,"GRIND_STATUS",
1580276687.7938795,"BREW_STATUS",
1580276759.0534184,"COFFEE_STATUS",2175
1580276803.693692,"GRIND_STATUS",
1580276808.1785765,"BREW_STATUS",
1580276879.0668426,"COFFEE_STATUS",2176
1580276923.7355154,"GRIND_STATUS",
1580276927.927543,"BREW_STATUS",
1580276999.1477094,"COFFEE_STATUS",2177
1580277043.733845,"GRIND_STATUS",
1580277047.9136689,"BREW_STATUS",
1580277119.2096238,"COFFEE_STATUS",2176
1580277163.8062494,"GRIND_STATUS",
1580277168.1206143,"BREW_STATUS",
1580277239.3073592,"COFFEE_STATUS",2175
1580277284.1138327,"GRIND_STATUS",
1580277287.9924567,"BREW_STATUS",
1580277359.3893943,"COFFEE_STATUS",2176
1580277404.101563,"GRIND_STATUS",
1580277408.013716,"BREW_STATUS",
1580277479.4104905,"COFFEE_STATUS",2175
1580277523.5441768,"GRIND_STATUS",
1580277527.7132244,"BREW_STATUS",
1580277599.6940608,"COFFEE_STATUS",2175
1580277643.339803,"GRIND_STATUS",
1580277647.4485836,"BREW_STATUS",
1580277719.786398,"COFFEE_STATUS",2176
1580277763.3955586,"GRIND_STATUS",
1580277767.6354597,"BREW_STATUS",
1580277839.8436487,"COFFEE_STATUS",2175
1580277883.3201067,"GRIND_STATUS",
1580277887.49261,"BREW_STATUS",
1580277959.9258544,"COFFEE_STATUS",2177
1580278003.7581322,"GRIND_STATUS",
1580278007.94872,"BREW_STATUS",
1580278079.9574134,"COFFEE_STATUS",2176
1580278123.8286023,"GRIND_STATUS",
1580278127.9836428,"BREW_STATUS",
1580278200.0025165,"COFFEE_STATUS",2176
1580278243.8274314,"GRIND_STATUS",
1580278247.9584637,"BREW_STATUS",
1580278320.0822372,"COFFEE_STATUS",2176
1580278363.8427732,"GRIND_STATUS",
1580278367.920816,"BREW_STATUS",
1580278440.1629958,"COFFEE_STATUS",2177
1580278483.8588002,"GRIND_STATUS",
1580278487.9777136,"BREW_STATUS",
1580278560.4231706,"COFFEE_STATUS",2177
1580278603.8486018,"GRIND_STATUS",
1580278608.0110834,"BREW_STATUS",
1580278680.5156193,"COFFEE_STATUS",2175
1580278723.8573027,"GRIND_STATUS",
1580278728.1637275,"BREW_STATUS",
1580278800.6125302,"COFFEE_STATUS",2175
1580278843.1546423,"GRIND_STATUS",
1580278847.3530147,"BREW_STATUS",
1580278920.6223667,"COFFEE_STATUS",2175
1580278963.154405,"GRIND_STATUS",
1580278967.3246531,"BREW_STATUS",
1580279040.6994832,"COFFEE_STATUS",2175
1580279083.1550324,"GRIND_STATUS",
1580279087.4598475,"BREW_STATUS",
1580279160.7018554,"COFFEE_STATUS",2176
1580279203.1536481,"GRIND_STATUS",
1580279207.324852,"BREW_STATUS",
1580279280.7055311,"COFFEE_STATUS",2175
1580279323.177077,"GRIND_STATUS",
1580279327.3646302,"BREW_STATUS",
1580279400.7598238,"COFFEE_STATUS",2176
1580279443.7815645,"GRIND_STATUS",
1580279447.9618866,"BREW_STATUS",
1580279520.7890368,"COFFEE_STATUS",2175
1580279563.8198729,"GRIND_STATUS",
1580279567.9499354,"BREW_STATUS",
1580279640.8013566,"COFFEE_STATUS",2176
1580279683.7997577,"GRIND_STATUS",
1580279687.9796379,"BREW_STATUS",
1580279761.111412,"COFFEE_STATUS",2177
1580279803.8299198,"GRIND_STATUS",
1580279807.9496086,"BREW_STATUS",
1580279881.1427271,"COFFEE_STATUS",2174
1580279923.2572958,"GRIND_STATUS",
1580279927.3856752,"BREW_STATUS",
1580280001.273247,"COFFEE_STATUS",2175
1580280043.27574,"GRIND_STATUS",
1580280047.4455671,"BREW_STATUS",
1580280121.326557,"COFFEE_STATUS",2174
1580280163.265741,"GRIND_STATUS",
1580280167.4460964,"BREW_STATUS",
1580280241.3952794,"COFFEE_STATUS",2175
1580280283.8182504,"GRIND_STATUS",
1580280287.9780915,"BREW_STATUS",
1580280361.463808,"COFFEE_STATUS",2175
1580280403.8184438,"GRIND_STATUS",
1580280407.979901,"BREW_STATUS",
1580280481.5648773,"COFFEE_STATUS",2176
1580280523.8087468,"GRIND_STATUS",
1580280527.9872913,"BREW_STATUS",
1580280601.589334,"COFFEE_STATUS",2174
1580280643.788686,"GRIND_STATUS",
1580280647.968813,"BREW_STATUS",
1580280721.657454,"COFFEE_STATUS",2176
1580280763.8085258,"GRIND_STATUS",
1580280767.9785671,"BREW_STATUS",
1580280841.723229,"COFFEE_STATUS",2176
1580280883.8085551,"GRIND_STATUS",
1580280887.9685564,"BREW_STATUS",
1580280961.7719588,"COFFEE_STATUS",2176
1580281003.8085232,"GRIND_STATUS",
1580281007.9653065,"BREW_STATUS",
1580281081.8505387,"COFFEE_STATUS",2173
1580281123.1183376,"GRIND_STATUS",
1580281127.2782397,"BREW_STATUS",
1580281201.884842,"COFFEE_STATUS",2175
1580281242.9410672,"GRIND_STATUS",
1580281247.122,"BREW_STATUS",
1580281321.9661336,"COFFEE_STATUS",2173
1580281363.766498,"GRIND_STATUS",
1580281367.9265535,"BREW_STATUS",
1580281441.9944067,"COFFEE_STATUS",2173
1580281483.7863703,"GRIND_STATUS",
1580281487.9464366,"BREW_STATUS",
1580281562.0056026,"COFFEE_STATUS",2173
1580281603.7953148,"GRIND_STATUS",
1580281607.92527,"BREW_STATUS",
1580281682.0864952,"COFFEE_STATUS",2174
1580281723.8063474,"GRIND_STATUS",
1580281727.9866478,"BREW_STATUS",
1580281802.1841805,"COFFEE_STATUS",2174
1580281843.8162842,"GRIND_STATUS",
1580281847.9752374,"BREW_STATUS",
1580281922.2224576,"COFFEE_STATUS",2174
1580281963.8744068,"GRIND_STATUS",
1580281967.9858975,"BREW_STATUS",
1580282042.2351284,"COFFEE_STATUS",2174
1580282083.8366523,"GRIND_STATUS",
1580282087.996843,"BREW_STATUS",
1580282162.288661,"COFFEE_STATUS",2175
1580282204.0364666,"GRIND_STATUS",
1580282207.9941447,"BREW_STATUS",
1580282282.3034823,"COFFEE_STATUS",2175
1580282323.8911765,"GRIND_STATUS",
1580282327.996854,"BREW_STATUS",
1580282402.3241408,"COFFEE_STATUS",2174
1580282443.8957381,"GRIND_STATUS",
1580282447.8608253,"BREW_STATUS",
1580282522.3655522,"COFFEE_STATUS",2174
1580282563.6918902,"GRIND_STATUS",
1580282567.8705494,"BREW_STATUS",
1580282642.44473,"COFFEE_STATUS",2174
1580282683.6805906,"GRIND_STATUS",
1580282687.9180343,"BREW_STATUS",
1580282762.491812,"COFFEE_STATUS",2173
1580282803.7145014,"GRIND_STATUS",
1580282807.8918765,"BREW_STATUS",
1580282882.5713353,"COFFEE_STATUS",2174
1580282923.7108107,"GRIND_STATUS",
1580282927.8918223,"BREW_STATUS",
1580283002.6521814,"COFFEE_STATUS",2174
1580283043.7217824,"GRIND_STATUS",
1580283047.881789,"BREW_STATUS",
1580283122.7126362,"COFFEE_STATUS",2174
1580283163.7405343,"GRIND_STATUS",
1580283167.9086528,"BREW_STATUS",
1580283242.7949908,"COFFEE_STATUS",2176
1580283283.7517083,"GRIND_STATUS",
1580283287.9318452,"BREW_STATUS",
1580283362.879976,"COFFEE_STATUS",2173
1580283403.829627,"GRIND_STATUS",
1580283407.981653,"BREW_STATUS",
1580283482.972827,"COFFEE_STATUS",2175
1580283523.489008,"GRIND_STATUS",
1580283527.6597831,"BREW_STATUS",
1580283603.0514548,"COFFEE_STATUS",2173
1580283643.5003304,"GRIND_STATUS",
1580283647.6686773,"BREW_STATUS",
1580283723.0589218,"COFFEE_STATUS",2174
1580283763.5096352,"GRIND_STATUS",
1580283767.7101471,"BREW_STATUS",
1580283843.1174185,"COFFEE_STATUS",2174
1580283883.5298374,"GRIND_STATUS",
1580283887.7516863,"BREW_STATUS",
1580283963.1571825,"COFFEE_STATUS",2173
1580284003.5382555,"GRIND_STATUS",
1580284007.7388244,"BREW_STATUS",
1580284083.1690154,"COFFEE_STATUS",2174
1580284123.5948074,"GRIND_STATUS",
1580284127.7500648,"BREW_STATUS",
1580284203.2599742,"COFFEE_STATUS",2173
1580284243.579956,"GRIND_STATUS",
1580284247.769659,"BREW_STATUS",
1580284323.339365,"COFFEE_STATUS",2174
1580284363.5998158,"GRIND_STATUS",
1580284367.7785845,"BREW_STATUS",
1580284443.6357427,"COFFEE_STATUS",2174
1580284483.6711311,"GRIND_STATUS",
1580284487.7885048,"BREW_STATUS",
1580284563.6734443,"COFFEE_STATUS",2172
1580284603.8590164,"GRIND_STATUS",
1580284608.0391233,"BREW_STATUS",
1580284683.699963,"COFFEE_STATUS",2173
1580284723.3538318,"GRIND_STATUS",
1580284727.5434957,"BREW_STATUS",
1580284803.7211227,"COFFEE_STATUS",2173
1580284843.4011736,"GRIND_STATUS",
1580284847.5627756,"BREW_STATUS",
1580284923.7609699,"COFFEE_STATUS",2174
1580284963.402489,"GRIND_STATUS",
1580284967.6020367,"BREW_STATUS",
1580285043.8447053,"COFFEE_STATUS",2172
1580285083.4214196,"GRIND_STATUS",
1580285087.62544,"BREW_STATUS",
1580285163.9011476,"COFFEE_STATUS",2173
1580285203.8169606,"GRIND_STATUS",
1580285208.020755,"BREW_STATUS",
1580285283.998087,"COFFEE_STATUS",2173
1580285323.8271108,"GRIND_STATUS",
1580285328.0085855,"BREW_STATUS",
1580285404.0969257,"COFFEE_STATUS",2172
1580285443.836983,"GRIND_STATUS",
1580285448.0270789,"BREW_STATUS",
1580285524.099192,"COFFEE_STATUS",2173
1580285563.8070993,"GRIND_STATUS",
1580285568.0274053,"BREW_STATUS",
1580285571.7774737,"COFFEE_GRINDING",
1580285573.780087,"COFFEE_GRINDING",
1580285574.78373,"COFFEE_GRINDING",
1580285575.7868946,"COFFEE_GRINDING",
1580285576.7978413,"COFFEE_GRINDING",
1580285582.768957,"GRIND_STATUS",
1580285609.9575882,"COFFEE_REMOVED",90
1580285643.9606888,"BREW_STATUS",
1580285644.1524565,"COFFEE_STATUS",7
1580285683.8433223,"GRIND_STATUS",
1580285688.0373216,"COFFEE_BREWING",
1580285764.21641,"COFFEE_STATUS",13
1580285803.8072362,"GRIND_STATUS",
1580285808.0187035,"COFFEE_BREWING",
1580285884.3085854,"COFFEE_STATUS",18
1580285923.863282,"GRIND_STATUS",
1580285928.036736,"COFFEE_BREWING",
1580285952.2275124,"COFFEE_BREWING",
1580285958.1962562,"BREW_STATUS",
1580286004.3224907,"COFFEE_STATUS",6
1580286043.0933971,"GRIND_STATUS",
1580286047.2599359,"BREW_STATUS",
1580286124.354712,"COFFEE_STATUS",20
1580286163.1465483,"GRIND_STATUS",
1580286167.2800524,"BREW_STATUS",
1580286244.3664055,"COFFEE_STATUS",7
1580286283.1200237,"GRIND_STATUS",
1580286287.2989855,"BREW_STATUS",
1580286364.4630103,"COFFEE_STATUS",15
1580286403.1287673,"GRIND_STATUS",
1580286407.2797897,"BREW_STATUS",
1580286452.4293263,"COFFEE_NEW",3495
1580286452.4293263,"COFFEE_REPLACED",3495
1580286468.5891542,"COFFEE_POURED",3284
1580286484.4833434,"COFFEE_STATUS",3281
1580286523.120312,"GRIND_STATUS",
1580286527.3299654,"BREW_STATUS",
1580286604.5000005,"COFFEE_STATUS",3282
1580286643.1298394,"GRIND_STATUS",
1580286647.2903144,"BREW_STATUS",
1580286724.524322,"COFFEE_STATUS",3283
1580286763.1499352,"GRIND_STATUS",
1580286767.309282,"BREW_STATUS",
1580286844.6186886,"COFFEE_STATUS",3281
1580286883.1564403,"GRIND_STATUS",
1580286887.2991555,"BREW_STATUS",
1580286964.619994,"COFFEE_STATUS",3281
1580287003.1400158,"GRIND_STATUS",
1580287007.3008766,"BREW_STATUS",
1580287084.6762018,"COFFEE_STATUS",3281
1580287122.8613007,"GRIND_STATUS",
1580287127.0808039,"BREW_STATUS",
1580287204.771262,"COFFEE_STATUS",3281
1580287242.909052,"GRIND_STATUS",
1580287247.0826128,"BREW_STATUS",
1580287324.7974782,"COFFEE_STATUS",3282
1580287363.6514833,"GRIND_STATUS",
1580287367.8312848,"BREW_STATUS",
1580287444.9398193,"COFFEE_STATUS",3281
1580287483.728522,"GRIND_STATUS",
1580287487.823648,"BREW_STATUS",
1580287503.4769423,"COFFEE_POURED",3103
1580287564.9760158,"COFFEE_STATUS",3104
1580287603.6131358,"GRIND_STATUS",
1580287607.83322,"BREW_STATUS",
1580287685.0330193,"COFFEE_STATUS",3104
1580287723.818395,"GRIND_STATUS",
